년도	분기	표준코드	분류	지점_명칭	지점_주소	심도	심도구분	수위	pH	EC	DO	ORP	T	Na+	K+	Ca2+	Mg2+	염소이온	황산이온	중탄산염이온	탄산염이온	질산염이온	질산성질소	카드뮴	비소	시안	수은	페놀	납	크롬	TCE	PCE	1.1.1-TCE	벤젠	톨루엔	에틸벤젠	크실렌	총대장균군	탁도
2013	1분기	GW-GAG-E1-0001	기타(매립지)	강릉강동	강원도 강릉시 강동면 임곡리 산25	13	1	12.1	4.4	576	2.9	172	15.6	23	9.1	12	24.6	29.4	195.9	불검출	불검출	36.8	8.3	0.003	0.005	불검출	불검출	불검출	불검출	불검출	불검출	불검출	불검출	불검출	불검출	불검출	불검출	<2	404.67
2013	1분기	GW-GAG-E1-0002	기타(매립지)	강릉강동	강원도 강릉시 강동면 임곡리 산25	30	2	13.48	5.6	1241	7	207	15	21	3.4	115.2	83.9	7.9	669.3	27	불검출	4.3	1	불검출	불검출	불검출	불검출	불검출	불검출	불검출	불검출	불검출	불검출	불검출	불검출	불검출	불검출	<2	0.94
2013	1분기	GW-GAG-E1-0003	기타(매립지)	강릉강동	강원도 강릉시 강동면 임곡리 산25	150	3	기존공	6.9	133	7.5	98	15.6	4.8	0.5	14.6	2.2	6.9	17.9	40	불검출	1.5	0.3	불검출	불검출	불검출	불검출	불검출	불검출	불검출	불검출	불검출	불검출	불검출	불검출	불검출	불검출	<2	0.17
2013	1분기	GW-GAG-E1-0004	기타(도심지)	강릉교동	강원도 강릉시 교2동 408	12	1	5.01	6.4	408	0.4	-97	18.9	34.8	1.2	69.8	30.6	94.8	3.9	275	불검출	1.3	0.3	불검출	불검출	불검출	불검출	불검출	불검출	불검출	불검출	불검출	불검출	불검출	불검출	불검출	불검출	<2	22.17
2013	1분기	GW-GAG-E1-0005	기타(도심지)	강릉교동	강원도 강릉시 교2동 408	30	2	5.25	6.5	495	0.1	-75	17.1	25.5	2.2	37.3	20.1	42.8	11.8	176	불검출	2.1	0.5	불검출	불검출	불검출	불검출	불검출	불검출	불검출	불검출	불검출	불검출	불검출	불검출	불검출	불검출	<2	0.91
2013	1분기	GW-GAG-E1-0006	기타(도심지)	강릉교동	강원도 강릉시 교2동 408	150	3	2.7	7	367	8.1	130	15.1	17.2	2.6	34.2	14.4	12.1	12.2	148	불검출	20.9	4.7	불검출	불검출	불검출	불검출	불검출	불검출	불검출	불검출	불검출	불검출	불검출	불검출	불검출	불검출	<2	0.49
2013	1분기	GW-GAG-E1-0010	기타(도심지)	강릉두산	강원도 강릉시 두산동 10	10	1	2.41	6.3	683	0.2	-104	16.8	65.6	7.4	21.7	22	120.3	45.2	77	불검출	1.2	0.3	불검출	불검출	불검출	불검출	불검출	불검출	불검출	불검출	불검출	불검출	불검출	불검출	불검출	불검출	<2	3.79
2013	1분기	GW-GAG-E1-0011	기타(도심지)	강릉두산	강원도 강릉시 두산동 10	30	2	2.29	7.4	3740	0.1	-106	16.9	677.5	15.6	30.5	39.5	998.2	132	111	불검출	불검출	불검출	불검출	0.005	불검출	불검출	불검출	불검출	불검출	불검출	불검출	불검출	불검출	불검출	불검출	불검출	<2	6.57
2013	1분기	GW-GAG-E1-0012	기타(도심지)	강릉두산	강원도 강릉시 두산동 10	80	3	4.02	6.8	36500	0.1	-101	17.9	5683.2	71.3	2014.4	1558.4	14503.4	1420.6	120	불검출	1	0.2	불검출	불검출	불검출	불검출	불검출	불검출	0.06	불검출	불검출	불검출	불검출	불검출	불검출	불검출	<2	15.4
2013	1분기	GW-GAG-E1-0007	기타(도심지)	강릉장현	강원도 강릉시 장현동 74-7	10	1	3.51	6.1	322	0.7	-148	15.8	24.5	2.6	10.1	7.8	35.6	23.8	55	불검출	불검출	불검출	불검출	불검출	불검출	불검출	불검출	불검출	불검출	불검출	불검출	불검출	불검출	불검출	불검출	불검출	<2	71.37
2013	1분기	GW-GAG-E1-0008	기타(도심지)	강릉장현	강원도 강릉시 장현동 74-7	30	2	3.61	6.3	233	0.1	-201	15.9	21.3	1.8	3.5	3.6	27	3	42	불검출	1.2	0.3	불검출	0.008	불검출	불검출	불검출	불검출	불검출	불검출	불검출	불검출	불검출	불검출	불검출	불검출	<2	68.87
2013	1분기	GW-GAG-E1-0009	기타(도심지)	강릉장현	강원도 강릉시 장현동 74-7	120	3	기존공	6.7	182	3.8	-42	16.3	11.9	3.4	10.3	6.1	10.6	7	67	불검출	4.2	0.9	불검출	불검출	불검출	불검출	불검출	불검출	불검출	불검출	불검출	불검출	불검출	불검출	불검출	불검출	<2	0.27
2013	1분기	GB-GYS-E1-0001	산업단지	경산진량	경북 경산시 진량읍 신상리 685-21	20	1	4.45	6.7	628	1.2	236	16.3	34.6	2.6	86.3	35.8	70.2	67.6	281	불검출	2.7	0.6	불검출	불검출	-	불검출	-	불검출	불검출	-	-	-	불검출	불검출	불검출	불검출	<2	-
2013	1분기	GB-GYS-E1-0002	산업단지	경산진량	경북 경산시 진량읍 신상리 685-21	50	2	4.38	6.8	654	0.5	212	16.3	38.3	2.8	87	35.8	93	91.4	234	불검출	불검출	불검출	불검출	불검출	-	불검출	-	불검출	불검출	-	-	-	불검출	불검출	불검출	불검출	<2	-
2013	1분기	GJ-BKK-E1-0001	산업단지	광주월출	광주시 북구 월출동 971-35	60	3	기존공	6.9	357	3.1	-13	17.5	28.2	1.3	25.7	4.5	19	7.1	126	불검출	1.8	0.4	불검출	불검출	-	불검출	-	불검출	불검출	-	-	-	불검출	불검출	불검출	불검출	<2	-
2013	1분기	DE-DSG-E1-0001	관입화성암(화강암)	대구논공	충청남도 당진시 정미면 천의리 276-1	10	1	2.05	6.6	246	0.5	617	17.5	8.6	1	14.2	8.9	9.5	불검출	109	불검출	0.5	0.1	불검출	0.026	-	불검출	-	불검출	불검출	-	-	-	불검출	불검출	불검출	불검출	-	-
2013	1분기	DE-DSG-E1-0002	관입화성암(화강암)	대구논공	충청남도 당진시 정미면 천의리 276-1	29	2	2.1	7	532	3	204	17.2	15.7	2.9	59.1	23	53.4	37	132	불검출	51.5	11.6	불검출	불검출	-	불검출	-	불검출	불검출	-	-	-	불검출	불검출	불검출	불검출	-	-
2013	1분기	DE-DSO-E1-0001	산업단지	대구대천	대구시 달서구 대천동 695	14	1	4.13	7	984	0.3	104	21.3	127.2	11.2	89.1	19.2	39.5	250.8	306	불검출	1	0.2	불검출	불검출	-	불검출	-	불검출	불검출	-	-	-	불검출	불검출	불검출	불검출	<2	-
2013	1분기	DE-DSO-E1-0002	산업단지	대구대천	대구시 달서구 대천동 695	32	2	6.04	6.9	835	0.6	-23	18.9	64.8	3.1	96.6	24.6	66.7	156.7	256	불검출	불검출	불검출	불검출	불검출	-	불검출	-	불검출	불검출	-	-	-	불검출	불검출	불검출	불검출	<2	-
2013	1분기	DE-SOG-E1-0001	산업단지	대구비산	대구시 서구 비산동 3064	12	1	6.82	8.7	4770	2.4	-175	24	1152.9	10.6	41.5	27.8	58.4	1720.6	993	불검출	불검출	불검출	불검출	0.141	-	불검출	불검출	불검출	불검출	-	-	-	불검출	불검출	0.001	0.001	-	-
2013	1분기	DE-SOG-E1-0002	산업단지	대구비산	대구시 서구 비산동 3064	30	2	8.53	6.4	1157	0.3	141	21.1	39.5	4.4	153.8	52.4	107.5	26.1	555	불검출	불검출	불검출	불검출	불검출	-	불검출	불검출	불검출	불검출	-	-	-	불검출	불검출	불검출	불검출	-	-
2013	1분기	GN-MRY-E1-0004	하수처리시설	밀양기산	경남 밀양시 상남면 기산리 34-2번지	100	3	기존공	5.5	339	0.1	131	17.9	20.9	2.4	21	7.1	25	56.2	37	불검출	불검출	불검출	불검출	불검출	불검출	불검출	불검출	불검출	불검출	불검출	불검출	불검출	불검출	불검출	불검출	불검출	<2	8.49
2013	1분기	GN-SAC-E1-0001	산업단지	사천사남	경남 사천시 사남면 방지리 200	8	1	5.58	7	1158	3.6	200	22.4	103	15.4	49.6	56.8	38.8	139.3	440	불검출	6.6	1.5	불검출	불검출	-	불검출	-	불검출	불검출	-	-	-	불검출	불검출	불검출	불검출	8	-
2013	1분기	GN-SAC-E1-0002	산업단지	사천사남	경남 사천시 사남면 방지리 200	32	2	5.61	7.6	1195	0.6	-106	18.4	169	12.5	34.7	24.2	126.1	112.4	316	불검출	불검출	불검출	불검출	0.01	-	불검출	-	불검출	불검출	-	-	-	불검출	불검출	불검출	불검출	<2	-
2013	1분기	GN-YAS-E1-0001	산업단지	양산교동	경남 양산시 교동 90	7.5	1	1.14	6.8	357	2	136	17	35.2	3.2	21.8	11	27.3	43.5	100	불검출	13.2	3	불검출	불검출	-	불검출	-	불검출	불검출	-	-	-	불검출	불검출	불검출	불검출	<2	-
2013	1분기	GN-YAS-E1-0002	산업단지	양산교동	경남 양산시 교동 90	36	2	1.46	7.5	407	0.2	-62	18.2	22.8	4.2	25.1	11.4	25.7	49.2	75	불검출	4.2	1	불검출	불검출	-	불검출	-	불검출	불검출	-	-	-	불검출	불검출	불검출	불검출	23	-
2013	1분기	GN-YAS-E1-0003	산업단지	양산북정	경남 양산시 북정동 383	10	1	4.33	6.1	521	0.6	230	17.5	21.4	12.3	36.6	12.2	21	38.7	184	불검출	4.7	1.1	불검출	불검출	-	불검출	-	불검출	불검출	-	-	-	불검출	불검출	불검출	불검출	<2	-
2013	1분기	GN-YAS-E1-0004	산업단지	양산북정	경남 양산시 북정동 383	30	2	4.25	7.5	586	0.7	-38	16.8	93.2	4.9	26	7.1	43.9	13.7	237	불검출	불검출	불검출	불검출	0.011	-	불검출	-	불검출	불검출	-	-	-	불검출	불검출	불검출	불검출	<2	-
2013	1분기	GB-YJU-E1-0004	산업단지	영주대촌	경북 영주시 봉현면 대촌리 170번지	80	3	기존공	6.5	220	4.5	179	14.6	12.9	1.5	21.5	3.3	11.4	10.4	57	불검출	31.3	7.1	불검출	불검출	불검출	불검출	불검출	불검출	불검출	불검출	불검출	불검출	불검출	불검출	불검출	불검출	<2	0.08
2013	1분기	US-DGU-E1-0001	산업단지	울산방어	울산시 동구 방어동 1053	10	1	4.16	6	708	0.8	548	16.3	60.2	3.4	39.4	21.3	32.9	86.7	164	불검출	26.9	6.1	불검출	불검출	-	불검출	-	불검출	불검출	-	-	-	불검출	불검출	불검출	불검출	<2	-
2013	1분기	US-DGU-E1-0002	산업단지	울산방어	울산시 동구 방어동 1053	30	2	5.29	6.2	792	0.2	401	16.5	58.3	4.5	50.3	23.9	34.4	93.8	195	불검출	26.9	6.1	불검출	불검출	-	불검출	-	불검출	불검출	-	-	-	불검출	불검출	불검출	불검출	<2	-
2013	1분기	US-NMU-E1-0001	산업단지	울산선암	울산시 남구 선암동 180	10	1	6.01	6.2	481	1.6	307	16.7	32.3	1	35.9	14.6	46.2	17.4	142	불검출	15.4	3.5	불검출	불검출	-	불검출	-	불검출	불검출	-	-	-	불검출	불검출	불검출	불검출	<2	-
2013	1분기	US-NMU-E1-0002	산업단지	울산선암	울산시 남구 선암동 180	30	2	6.2	7.1	573	0.4	145	17.2	23.5	1.5	50.7	26.6	43.9	4.8	242	불검출	1.3	0.3	불검출	불검출	-	불검출	-	불검출	불검출	-	-	-	불검출	불검출	불검출	불검출	<2	-
2013	1분기	US-UJU-E1-0001	산업단지	울산청량	울산시 울주군 청량면 상남리 595-7	10	1	자분정	7.4	644	3.9	14	15.9	39.2	7	36.3	24.6	70.3	21.2	170	불검출	1.2	0.3	불검출	0.011	-	불검출	-	불검출	불검출	-	-	-	불검출	불검출	불검출	불검출	<2	-
2013	1분기	US-UJU-E1-0002	산업단지	울산청량	울산시 울주군 청량면 상남리 595-7	30	2	자분정	7.4	646	0.2	-28	16.1	47	3.5	38.4	18.8	67.4	11.8	187	불검출	1	0.2	불검출	0.018	-	불검출	-	불검출	불검출	-	-	-	불검출	불검출	불검출	불검출	<2	-
2013	1분기	US-BKU-E1-0001	산업단지	울산효문	울산시 북구 효문동 767	10	1	3.25	5.9	393	4	290	15.2	47.3	7	8.2	7.1	32.3	60.4	55	불검출	17.6	4	불검출	불검출	-	불검출	-	불검출	불검출	-	-	-	불검출	불검출	불검출	불검출	<2	-
2013	1분기	US-BKU-E1-0002	산업단지	울산효문	울산시 북구 효문동 767	25	2	5.57	5.7	600	2.4	316	16.3	46.1	9.7	25	21.1	86.6	77.6	46	불검출	37.8	8.5	불검출	불검출	-	불검출	-	불검출	불검출	-	-	-	불검출	불검출	불검출	불검출	<2	-
2013	1분기	CB-UMS-E1-0001	산업단지	음성대풍	충북 음성군 대소면 대풍리 38-2	80	3	기존공	6.9	248	5	-3	15.4	13.3	1.7	24.9	7.2	12.1	8.5	89	불검출	16	3.6	불검출	불검출	-	불검출	-	불검출	불검출	-	-	-	불검출	불검출	불검출	불검출	-	-
2013	1분기	GN-URG-E1-0004	하수처리시설	의령무전	경남 의령군 의령읍 무전리 78번지	160	3	기존공	6.9	735	0.2	104	17	30.7	1.2	96	16.7	20.6	111.3	241	불검출	4.8	1.1	불검출	불검출	불검출	불검출	불검출	불검출	불검출	불검출	불검출	불검출	불검출	불검출	불검출	불검출	<2	0.93
2013	1분기	GW-JSN-E1-0013	폐광산	정선남면	강원도 정선군 남면 낙동리 336-9	7.5	1	4.76	7.3	368	7.2	77	14.8	4.3	1.8	63.6	6.1	8.5	18.2	171	불검출	9.1	2	불검출	0.006	불검출	불검출	불검출	불검출	불검출	불검출	불검출	불검출	불검출	불검출	불검출	불검출	<2	0.12
2013	1분기	GW-JSN-E1-0014	폐광산	정선남면	강원도 정선군 남면 낙동리 336-9	27	2	4.72	7.5	382	8.6	63	12.7	5.7	2	62.8	7	10.9	37.8	149	불검출	8	1.8	불검출	0.005	불검출	불검출	불검출	불검출	불검출	불검출	불검출	불검출	불검출	불검출	불검출	불검출	<2	0.08
2013	1분기	GW-JSN-E1-0009	폐광산	정선봉산	강원도 정선군 임계면 봉산리 241-18	10	1	4.52	6.4	248	6.5	159	13.7	14.6	3.6	25.1	3.6	11.4	12.8	78	불검출	15	3.4	불검출	불검출	불검출	불검출	불검출	불검출	불검출	불검출	불검출	불검출	불검출	불검출	불검출	불검출	<2	0.24
2013	1분기	GW-JSN-E1-0010	폐광산	정선봉산	강원도 정선군 임계면 봉산리 241-18	30	2	4.6	7.7	411	0.1	20	13.8	47.4	2.6	29.2	6.2	17.4	24.4	162	불검출	3.1	0.7	불검출	불검출	불검출	불검출	불검출	불검출	불검출	불검출	불검출	불검출	불검출	불검출	불검출	불검출	<2	0.5
2013	1분기	GW-JSN-E1-0011	폐광산	정선용산	강원도 정선군 임계면 용산2리 536	10	1	4.16	6.8	345	7.5	66	13.8	6	2.6	40.4	7.2	15.3	17.2	98	불검출	33	7.5	불검출	불검출	불검출	불검출	불검출	불검출	불검출	불검출	불검출	불검출	불검출	불검출	불검출	불검출	23	0.91
2013	1분기	GW-JSN-E1-0012	폐광산	정선용산	강원도 정선군 임계면 용산2리 536	30	2	4.24	9	349	1.2	-4	12.9	44.6	15	14.3	2.5	10.8	25.4	104	4	19.7	4.4	불검출	0.007	불검출	불검출	불검출	불검출	불검출	불검출	불검출	불검출	불검출	불검출	불검출	불검출	8	0.93
2013	1분기	GW-JSN-E1-0007	폐광산	정선임계	강원도 정선군 임계면 송계리 773-1	10	1	3.72	5.9	273	5.8	106	14.9	10.2	2.6	30.4	5.6	14	14.8	71	불검출	26	5.9	불검출	불검출	불검출	불검출	불검출	불검출	불검출	불검출	불검출	불검출	불검출	불검출	불검출	불검출	<2	0.3
2013	1분기	GW-JSN-E1-0008	폐광산	정선임계	강원도 정선군 임계면 송계리 773-1	34	2	3.73	7.7	1679	0.4	-222	14.6	311.2	10.9	20.7	13.6	90.5	15.9	729	불검출	1.3	0.3	불검출	0.006	불검출	불검출	불검출	불검출	불검출	불검출	불검출	불검출	불검출	불검출	불검출	불검출	<2	0.94
2013	1분기	CB-GPN-E1-0001	산업단지	증평미암	충북 증평군 증평읍 미암리 603	100	3	3.62	7.2	248	5.8	18	15.2	20.1	1.7	19.5	5.9	13.6	14	72	불검출	19.3	4.4	불검출	불검출	-	불검출	-	불검출	불검출	-	-	-	불검출	불검출	불검출	불검출	<2	-
2013	1분기	GN-HIN-E1-0004	산업단지	진주상평	경남 진주시 상평동 268-2	10	1	5.47	6.5	400	4.8	254	19	34	4	35.6	4.5	31.5	22.4	76	불검출	53.5	12.1	불검출	불검출	-	불검출	-	불검출	불검출	-	-	-	불검출	불검출	불검출	불검출	<2	-
2013	1분기	GN-HIN-E1-0005	산업단지	진주상평	경남 진주시 상평동 268-2	29	2	5.62	6.5	318	1.6	240	18	23.5	1.5	23.2	4.1	27.7	14.4	58	불검출	34.6	7.8	불검출	불검출	-	불검출	-	불검출	불검출	-	-	-	불검출	불검출	불검출	불검출	<2	-
2013	1분기	GN-HIN-E1-0014	하수처리시설	진주소문	경남 진주시 문산읍 소문리 786-1번지	111	3	기존공	7.8	498	0.1	-144	18	38	1.3	49.5	6.1	19.5	50.9	170	불검출	2.4	0.6	불검출	불검출	불검출	불검출	불검출	불검출	불검출	불검출	불검출	불검출	불검출	불검출	불검출	불검출	<2	0.54
2013	1분기	GN-HIN-E1-0006	폐광산	진주지수	경남 진주시 지수면 청원리 411-2	15	1	11.72	6.9	730	5.9	382	20.4	32.1	4.3	68.6	22.8	77	38.2	185	불검출	27.8	6.3	불검출	불검출	-	-	-	불검출	불검출	-	-	-	-	-	-	-	<2	-
2013	1분기	GN-HIN-E1-0007	폐광산	진주지수	경남 진주시 지수면 청원리 411-2	29	2	12.78	6.9	687	5.6	228	16.2	28.8	2	66.7	22.1	64.6	34.2	175	불검출	30.7	6.9	불검출	불검출	-	-	-	불검출	불검출	-	-	-	-	-	-	-	<2	-
2013	1분기	CB-JIC-E1-0007	산업단지	진천광혜원	충북 진천군 광혜원면 광혜원리	140	3	3.18	6.6	355	0.8	-15	14.2	15.5	3.6	32.9	8.4	39.1	8.1	105	불검출	2.3	0.5	불검출	불검출	-	불검출	-	불검출	불검출	-	-	-	불검출	불검출	불검출	불검출	33	-
2013	1분기	GN-CWN-E1-0001	광산	창원월계	경남 창원시 의창구 북면 월계리103-1번지	120	3	기존공	7.2	376	1.6	90	17.8	28.5	0.5	62	5.3	22	32.9	165	불검출	21.9	4.9	불검출	불검출	불검출	불검출	불검출	불검출	불검출	불검출	불검출	불검출	불검출	불검출	불검출	불검출	5	0.32
2013	1분기	GN-CWN-E1-0002	광산	창원화양	경남 창원시 의창구 동읍 화양리 41번지	155	3	기존공	8.1	220	0.1	323	17.1	26.8	0.2	21.4	0.3	5.9	36.3	70	불검출	불검출	불검출	불검출	0.007	불검출	불검출	불검출	불검출	불검출	불검출	불검출	불검출	불검출	불검출	불검출	불검출	<2	0.77
2013	1분기	CB-CHW-E1-0007	산업단지	청원양청	충북 청원군 오창읍 양청리 811	120	3	기존공	6.5	149	6.7	143	16.2	18.7	1	12.5	2	5.9	4.9	74	불검출	2.3	0.5	불검출	불검출	-	불검출	-	불검출	불검출	-	-	-	불검출	불검출	불검출	불검출	<2	-
2013	1분기	GW-PCG-E1-0010	기타(축산/농업지역)	평창대관령	강원도 평창군 대관령면 횡계1리 335-1	10	1	7.98	6	325	6.8	134	12.7	15.2	1.8	33.4	4.2	42	20.5	17	불검출	40.6	9.2	불검출	불검출	불검출	불검출	불검출	불검출	불검출	불검출	불검출	불검출	불검출	불검출	불검출	불검출	<2	35.43
2013	1분기	GW-PCG-E1-0011	기타(축산/농업지역)	평창대관령	강원도 평창군 대관령면 횡계1리 335-1	27	2	8.08	6.8	241	6.3	126	15.7	14	1	20.8	4.7	15.6	3.2	25	불검출	63.6	14.4	불검출	불검출	불검출	불검출	불검출	불검출	불검출	불검출	불검출	불검출	불검출	불검출	불검출	불검출	<2	0.2
2013	1분기	GW-PCG-E1-0012	기타(축산/농업지역)	평창대관령	강원도 평창군 대관령면 횡계1리 335-1	100	3	3.69	8.1	264	4.4	86	17	26.6	0.9	22.8	3.2	11.8	6.9	79	불검출	33	7.4	불검출	불검출	불검출	불검출	불검출	불검출	불검출	불검출	불검출	불검출	불검출	불검출	불검출	불검출	<2	0.92
2013	1분기	GW-PCG-E1-0007	기타(축산/농업지역)	평창횡계	강원도 평창군 대관령면 횡계리 198-2	10	1	5.38	6.1	213	7.4	138	14.2	14.6	0.6	21.3	2.9	27.7	3.6	44	불검출	12.8	2.9	불검출	불검출	불검출	불검출	불검출	불검출	불검출	불검출	불검출	불검출	불검출	불검출	불검출	불검출	<2	0.7
2013	1분기	GW-PCG-E1-0008	기타(축산/농업지역)	평창횡계	강원도 평창군 대관령면 횡계리 198-2	25	2	5.93	5.9	927	1.9	107	11.4	25.9	1.6	90.1	21.5	199.7	3.5	73	불검출	32.2	7.3	불검출	불검출	불검출	불검출	불검출	불검출	불검출	불검출	불검출	불검출	불검출	불검출	불검출	불검출	<2	0.11
2013	1분기	GW-PCG-E1-0009	기타(축산/농업지역)	평창횡계	강원도 평창군 대관령면 횡계리 198-2	100	3	5.76	6.5	526	4.5	68	11.6	22	1.3	55.2	12.2	85.5	2.6	72	불검출	48.4	10.9	불검출	불검출	불검출	불검출	불검출	불검출	불검출	불검출	불검출	불검출	불검출	불검출	불검출	불검출	<2	0.09
2013	1분기	GG-PTK-E1-0007	산업단지	평택노와	경기도 평택시 팽성읍 노와리 155-1	80	3	기존공	7	369	8.5	91	19.3	22.4	2	24.8	8.9	40	8.2	49	불검출	43.8	9.9	불검출	불검출	-	불검출	-	불검출	불검출	-	-	-	불검출	불검출	불검출	불검출	-	-
2013	1분기	GB-KPO-E1-0008	산업단지	포항연일	경북 포항시 남구 연일읍 동문리 47-1	10	1	1.51	7.8	1003	8.2	234	14.6	115	50.1	46.6	29.4	192.1	27.6	313	불검출	불검출	불검출	불검출	0.006	-	불검출	-	불검출	불검출	-	-	-	불검출	불검출	불검출	불검출	-	-
2013	1분기	GB-KPO-E1-0009	산업단지	포항연일	경북 포항시 남구 연일읍 동문리 47-1	30	2	4.69	8	1587	0.2	-16	15.3	290	46.9	49.6	59.8	418.1	40.8	432	불검출	불검출	불검출	불검출	불검출	-	불검출	-	불검출	0.02	-	-	-	불검출	불검출	불검출	불검출	-	-
2013	1분기	GB-KPO-E1-0004	산업단지	포항인덕	경북 포항시 남구 인덕동 161-1	10	1	6.17	6.4	671	6.7	335	18.8	49.2	13.4	83.6	28.2	36.4	317.5	68	불검출	9.6	2.2	불검출	불검출	-	불검출	-	불검출	불검출	-	-	-	불검출	불검출	불검출	불검출	-	-
2013	1분기	GB-KPO-E1-0005	산업단지	포항인덕	경북 포항시 남구 인덕동 161-1	33	2	11.48	6.1	233	0.2	135	17.9	45	3.3	6.2	4.5	26.7	71.5	26	불검출	1.1	0.2	불검출	불검출	-	불검출	-	불검출	불검출	-	-	-	불검출	불검출	불검출	불검출	-	-
2013	1분기	GB-KPO-E1-0006	산업단지	포항청림	경북 포항시 남구 청림동 914-2	10	1	1.86	6.1	413	6.2	380	16.2	29.9	6.4	39.2	11.5	63.8	59.6	72	불검출	6.7	1.5	불검출	불검출	-	불검출	-	불검출	불검출	-	-	-	불검출	불검출	불검출	불검출	-	-
2013	1분기	GB-KPO-E1-0007	산업단지	포항청림	경북 포항시 남구 청림동 914-2	30	2	5.92	7.9	1560	0.1	-42	17.4	280.5	8.7	6.1	3.1	263	4.1	292	불검출	0.9	0.2	불검출	불검출	-	불검출	-	불검출	불검출	-	-	-	불검출	불검출	불검출	불검출	-	-
2013	1분기	GB-KPO-E1-0010	산업단지	포항호동	경북 포항시 남구 호동 628	10	1	5.78	6.5	1262	4.5	308	18.1	60.1	9.6	228.1	75.4	13.7	741.4	306	불검출	3.2	0.7	불검출	불검출	-	불검출	-	불검출	불검출	-	-	-	불검출	불검출	불검출	불검출	22	-
2013	1분기	GB-KPO-E1-0011	산업단지	포항호동	경북 포항시 남구 호동 628	30	2	6.28	6.6	1950	0.3	4	17.2	342.8	11.8	111.9	59.5	38.6	824.2	512	불검출	불검출	불검출	불검출	불검출	-	불검출	-	불검출	불검출	-	-	-	불검출	불검출	불검출	불검출	<2	-
2013	2분기	GW-GAG-E1-0001	기타(매립지)	강릉강동	강원도 강릉시 강동면 임곡리 산25	13	1	11.84	4.42	545	4.2	138	15.2	20.2	9.7	16.9	31.3	26.3	203.8	3	불검출	32.8	7.4	0.002	불검출	불검출	불검출	불검출	불검출	불검출	불검출	불검출	불검출	불검출	불검출	불검출	불검출	<2	1462
2013	2분기	GW-GAG-E1-0002	기타(매립지)	강릉강동	강원도 강릉시 강동면 임곡리 산25	30	2	13.54	5.6	1148	6.4	195	15.7	26.3	2.3	82	98.6	7.9	643.3	22	불검출	4.6	1	불검출	불검출	불검출	불검출	불검출	불검출	불검출	불검출	불검출	불검출	불검출	불검출	불검출	불검출	<2	0.32
2013	2분기	GW-GAG-E1-0003	기타(매립지)	강릉강동	강원도 강릉시 강동면 임곡리 산25	150	3	기존공	6.52	136	5.3	92	17.3	6.8	0.4	18.5	2.5	7	19.3	41	불검출	1.9	0.4	불검출	불검출	불검출	불검출	불검출	불검출	불검출	불검출	불검출	불검출	불검출	불검출	불검출	불검출	<2	0.91
2013	2분기	GW-GAG-E1-0004	기타(도심지)	강릉교동	강원도 강릉시 교2동 408	12	1	4.67	6.36	838	0.3	-23	20.5	52.3	1.2	56.7	34	124.6	6.5	301	불검출	불검출	불검출	불검출	불검출	불검출	불검출	불검출	불검출	0.02	불검출	불검출	불검출	불검출	불검출	불검출	불검출	<2	61.9
2013	2분기	GW-GAG-E1-0005	기타(도심지)	강릉교동	강원도 강릉시 교2동 408	30	2	5.17	6.52	488	0.1	64	17.3	25.7	2.2	35.4	23.9	44.7	14.8	179	불검출	2.7	0.6	불검출	불검출	불검출	불검출	불검출	불검출	불검출	불검출	불검출	불검출	불검출	불검출	불검출	불검출	<2	0.15
2013	2분기	GW-GAG-E1-0006	기타(도심지)	강릉교동	강원도 강릉시 교2동 408	150	3	1.52	7.33	377	6.5	91	16	14.2	2.5	30.1	16.1	16.3	14.1	132	불검출	19.4	4.4	불검출	불검출	불검출	불검출	불검출	불검출	불검출	불검출	불검출	불검출	불검출	불검출	불검출	불검출	<2	0.34
2013	2분기	GW-GAG-E1-0010	기타(도심지)	강릉두산	강원도 강릉시 두산동 10	10	1	2.17	6.07	441	1.1	-9	16.2	38.9	3.8	19.2	15.8	65.8	50.6	56	불검출	2.1	0.5	불검출	불검출	불검출	불검출	불검출	불검출	불검출	불검출	불검출	불검출	불검출	불검출	불검출	불검출	<2	0.94
2013	2분기	GW-GAG-E1-0011	기타(도심지)	강릉두산	강원도 강릉시 두산동 10	30	2	2.06	7.42	3420	0.1	-149	17.2	563.6	13.9	23.6	37.1	860.9	124	112	불검출	2.3	0.5	불검출	불검출	불검출	불검출	불검출	불검출	0.02	불검출	불검출	불검출	불검출	불검출	불검출	불검출	<2	0.94
2013	2분기	GW-GAG-E1-0012	기타(도심지)	강릉두산	강원도 강릉시 두산동 10	80	3	3.79	6.63	34900	0.4	-87	18.9	5100	64.5	1920	1276.2	13170.9	1435.3	120	불검출	2.2	0.5	불검출	불검출	불검출	불검출	불검출	불검출	0.11	불검출	불검출	불검출	불검출	불검출	불검출	불검출	<2	6.55
2013	2분기	GW-GAG-E1-0007	기타(도심지)	강릉장현	강원도 강릉시 장현동 74-7	10	1	3.45	6.41	315	1.1	-59	16.1	21.9	1.9	12.3	8.5	33.3	25.9	56	불검출	1	0.2	불검출	불검출	불검출	불검출	불검출	불검출	0.02	불검출	불검출	불검출	불검출	불검출	불검출	불검출	<2	87.2
2013	2분기	GW-GAG-E1-0008	기타(도심지)	강릉장현	강원도 강릉시 장현동 74-7	30	2	3.65	6.53	216	0.6	-206	18.6	19.1	1.3	2.4	3.9	26.3	3.1	44	불검출	불검출	불검출	불검출	0.008	불검출	불검출	불검출	불검출	0.03	불검출	불검출	불검출	불검출	불검출	불검출	불검출	<2	94.6
2013	2분기	GW-GAG-E1-0009	기타(도심지)	강릉장현	강원도 강릉시 장현동 74-7	120	3	기존공	6.68	176	4.3	67	17.4	13.4	4.1	12.4	6.5	11.6	4.7	74	불검출	2.9	0.7	불검출	불검출	불검출	불검출	불검출	불검출	불검출	불검출	불검출	불검출	불검출	불검출	불검출	불검출	<2	0.15
2013	2분기	GB-GYS-E1-0001	산업단지	경산진량	경북 경산시 진량읍 신상리 685-21	20	1	20.27	6.91	809	0.5	134	17.5	32.6	2.2	62	36.5	39.8	39.7	308	불검출	2.3	0.5	불검출	불검출	-	불검출	-	불검출	불검출	-	-	-	불검출	불검출	불검출	불검출	<2	14.2
2013	2분기	GB-GYS-E1-0002	산업단지	경산진량	경북 경산시 진량읍 신상리 685-21	50	2	34.64	7.67	707	2.6	115	17.6	44	2.6	61.2	39.8	75.4	67.2	271	불검출	1.9	0.4	불검출	불검출	-	불검출	-	불검출	불검출	-	-	-	불검출	불검출	불검출	불검출	130	98.5
2013	2분기	GJ-BKK-E1-0001	산업단지	광주월출	광주시 북구 월출동 971-35	60	3	기존공	8.07	265	3.7	6	18.4	33	2.4	21.2	0.6	13.1	5.8	102	불검출	1.8	0.4	불검출	불검출	-	불검출	-	불검출	불검출	-	-	-	불검출	불검출	불검출	불검출	<2	0.91
2013	2분기	DE-DSG-E1-0001	관입화성암(화강암)	대구논공	충청남도 당진시 정미면 천의리 276-1	10	1	2.13	7.14	258	0.2	-7	18.3	11.3	1.4	15.7	9.8	10.9	3.1	117	불검출	1.3	0.3	불검출	0.03	-	불검출	-	불검출	0.03	-	-	-	불검출	불검출	불검출	불검출	-	107
2013	2분기	DE-DSG-E1-0002	관입화성암(화강암)	대구논공	충청남도 당진시 정미면 천의리 276-1	29	2	2.33	7.6	523	3.1	267	17.4	15.2	2.7	57	24.9	51.7	34.8	135	불검출	47.1	10.6	불검출	불검출	-	불검출	-	불검출	불검출	-	-	-	불검출	불검출	불검출	불검출	-	0.14
2013	2분기	DE-DSO-E1-0001	산업단지	대구대천	대구시 달서구 대천동 695	14	1	4.13	7.54	933	0.3	91	20.7	111.8	11.1	80.3	20.8	43.8	193.7	292	불검출	1.3	0.3	불검출	불검출	-	불검출	-	불검출	불검출	-	-	-	불검출	불검출	불검출	불검출	23	0.1
2013	2분기	DE-DSO-E1-0002	산업단지	대구대천	대구시 달서구 대천동 695	32	2	6.9	7.54	863	3.6	44	19.3	87.4	2.9	66	27.7	71.5	129.8	256	불검출	0.8	0.2	불검출	불검출	-	불검출	-	불검출	불검출	-	-	-	불검출	불검출	불검출	불검출	<2	0.94
2013	2분기	DE-SOG-E1-0001	산업단지	대구비산	대구시 서구 비산동 3064	12	1	6.49	8.27	1830	0.5	-203	22.3	408.1	7.2	29.3	7.2	62.7	99.7	914	불검출	불검출	불검출	불검출	0.133	-	불검출	불검출	불검출	불검출	-	-	-	불검출	불검출	불검출	불검출	-	0.93
2013	2분기	DE-SOG-E1-0002	산업단지	대구비산	대구시 서구 비산동 3064	30	2	7.96	6.88	1168	1.1	112	21	50	3.9	154.5	36.5	114.9	26.4	555	불검출	불검출	불검출	불검출	0.005	-	불검출	불검출	불검출	불검출	-	-	-	불검출	불검출	불검출	불검출	-	0.35
2013	2분기	GN-MRY-E1-0004	하수처리시설	밀양기산	경남 밀양시 상남면 기산리 34-2번지	100	3	기존공	5.87	336	4.4	22	17.7	20.9	2.8	22.6	7.7	23.3	58.3	50	불검출	1.1	0.2	불검출	불검출	불검출	불검출	불검출	불검출	불검출	불검출	불검출	불검출	불검출	불검출	불검출	불검출	2	93
2013	2분기	GN-SAC-E1-0001	산업단지	사천사남	경남 사천시 사남면 방지리 200	8	1	5.54	7.66	980	3.5	137	25	117.8	14.7	58.1	18.6	31.8	147.1	416	불검출	2.7	0.6	불검출	불검출	-	불검출	-	불검출	불검출	-	-	-	불검출	불검출	불검출	불검출	<2	0.17
2013	2분기	GN-SAC-E1-0002	산업단지	사천사남	경남 사천시 사남면 방지리 200	32	2	5.53	8.19	1011	0.8	29	18	165.4	11.8	32.7	25.4	140.6	107.7	283	불검출	불검출	불검출	불검출	0.006	-	불검출	-	불검출	불검출	-	-	-	불검출	불검출	불검출	불검출	<2	0.94
2013	2분기	GN-YAS-E1-0001	산업단지	양산교동	경남 양산시 교동 90	7.5	1	1.41	7.06	339	1.6	22	17.7	28.2	2.7	21.3	9.2	25.2	43.4	70	불검출	13.2	3	불검출	불검출	-	불검출	-	불검출	불검출	-	-	-	불검출	불검출	불검출	불검출	2300	0.52
2013	2분기	GN-YAS-E1-0002	산업단지	양산교동	경남 양산시 교동 90	36	2	1.39	7.71	370	0.1	-127	19.4	22.7	3.4	30.9	9.6	22.8	48	94	불검출	6.4	1.4	불검출	불검출	-	불검출	-	불검출	불검출	-	-	-	불검출	불검출	불검출	불검출	<2	0.4
2013	2분기	GN-YAS-E1-0003	산업단지	양산북정	경남 양산시 북정동 383	10	1	4.39	7.7	546	0.2	-208	18.6	23.8	10	43.4	9.6	22.4	35.1	169	불검출	3.4	0.8	불검출	불검출	-	불검출	-	불검출	불검출	-	-	-	불검출	불검출	불검출	불검출	<2	0.92
2013	2분기	GN-YAS-E1-0004	산업단지	양산북정	경남 양산시 북정동 383	30	2	4.32	6.59	474	0.5	-68	18.9	91.1	3.9	23.4	6.3	43.9	12.3	225	불검출	불검출	불검출	불검출	0.011	-	불검출	-	불검출	불검출	-	-	-	불검출	불검출	불검출	불검출	5	0.91
2013	2분기	GB-YJU-E1-0004	산업단지	영주대촌	경북 영주시 봉현면 대촌리 170번지	80	3	기존공	6.08	222	5.6	338	14.5	14.9	1.3	23	3.6	11.1	10.3	60	불검출	30.5	6.9	불검출	불검출	불검출	불검출	불검출	불검출	불검출	불검출	불검출	불검출	불검출	불검출	불검출	불검출	<2	0.14
2013	2분기	US-DGU-E1-0001	산업단지	울산방어	울산시 동구 방어동 1053	10	1	4.16	6.2	607	0.5	-84	19.5	50.6	2.6	38.3	23.2	33.3	83.4	163	불검출	25.7	5.8	불검출	불검출	-	불검출	-	불검출	불검출	-	-	-	불검출	불검출	불검출	불검출	<2	0.15
2013	2분기	US-DGU-E1-0002	산업단지	울산방어	울산시 동구 방어동 1053	30	2	5.31	6.43	695	0.3	-177	18.5	50.5	4	47.1	27.2	34.6	94.3	175	불검출	27.3	6.2	불검출	불검출	-	불검출	-	불검출	불검출	-	-	-	불검출	불검출	불검출	불검출	<2	0.09
2013	2분기	US-NMU-E1-0001	산업단지	울산선암	울산시 남구 선암동 180	10	1	6.01	6.69	576	1	85	18.1	33	1.6	51.9	21.3	50.8	17.6	208	불검출	11.2	2.5	불검출	불검출	-	불검출	-	불검출	불검출	-	-	-	불검출	불검출	불검출	불검출	<2	0.92
2013	2분기	US-NMU-E1-0002	산업단지	울산선암	울산시 남구 선암동 180	30	2	6.16	7.4	554	0.4	-6	16.5	21.9	1.4	45.1	28.4	35.8	4.6	247	불검출	1.2	0.3	불검출	불검출	-	불검출	-	불검출	불검출	-	-	-	불검출	불검출	불검출	불검출	<2	0.29
2013	2분기	US-UJU-E1-0001	산업단지	울산청량	울산시 울주군 청량면 상남리 595-7	10	1	자분정	7.74	515	3.4	-131	17.5	32.6	5.9	34.5	24.2	71	18.8	158	불검출	불검출	불검출	불검출	0.016	-	불검출	-	불검출	불검출	-	-	-	불검출	불검출	불검출	불검출	<2	0.92
2013	2분기	US-UJU-E1-0002	산업단지	울산청량	울산시 울주군 청량면 상남리 595-7	30	2	자분정	7.68	540	0.2	-262	16.9	41.3	2.8	38.2	20.8	70.4	12.7	183	불검출	불검출	불검출	불검출	0.018	-	불검출	-	불검출	불검출	-	-	-	불검출	불검출	불검출	불검출	<2	5.4
2013	2분기	US-BKU-E1-0001	산업단지	울산효문	울산시 북구 효문동 767	10	1	3.36	6.28	365	3.8	132	17.3	49.8	5.6	11.8	7.3	32.3	59.4	67	불검출	14.3	3.2	불검출	불검출	-	불검출	-	불검출	불검출	-	-	-	불검출	불검출	불검출	불검출	<2	0.28
2013	2분기	US-BKU-E1-0002	산업단지	울산효문	울산시 북구 효문동 767	25	2	3.35	6	558	3.4	102	17	50.1	7.3	27.9	22.3	88.1	78.3	47	불검출	37	8.4	불검출	불검출	-	불검출	-	불검출	불검출	-	-	-	불검출	불검출	불검출	불검출	<2	0.42
2013	2분기	CB-UMS-E1-0001	산업단지	음성대풍	충북 음성군 대소면 대풍리 38-2	80	3	19.42	6.04	259	5.8	117	15.2	13.9	1.2	21.4	7.7	11.4	8.3	86	불검출	16.2	3.7	불검출	불검출	-	불검출	-	불검출	불검출	-	-	-	불검출	불검출	불검출	불검출	-	0.2
2013	2분기	GN-URG-E1-0004	하수처리시설	의령무전	경남 의령군 의령읍 무전리 78번지	160	3	기존공	6.97	636	1.1	63	18.8	31.7	1.2	88.3	18.6	21.5	94.2	248	불검출	4.8	1.1	불검출	불검출	불검출	불검출	불검출	불검출	불검출	불검출	불검출	불검출	불검출	불검출	불검출	불검출	<2	8.89
2013	2분기	GW-JSN-E1-0013	폐광산	정선남면	강원도 정선군 남면 낙동리 336-9	7.5	1	4.25	7.63	371	6.6	166	16.3	5.8	2.4	49.8	7.7	9.5	46.1	122	불검출	10	2.3	불검출	0.005	불검출	불검출	불검출	불검출	불검출	불검출	불검출	불검출	불검출	불검출	불검출	불검출	<2	0.12
2013	2분기	GW-JSN-E1-0014	폐광산	정선남면	강원도 정선군 남면 낙동리 336-9	27	2	4.23	7.66	374	6.9	304	16.2	6.8	2.1	49.6	8.1	9.2	56.1	112	불검출	8.8	2	불검출	0.005	불검출	불검출	불검출	불검출	불검출	불검출	불검출	불검출	불검출	불검출	불검출	불검출	<2	0.08
2013	2분기	GW-JSN-E1-0009	폐광산	정선봉산	강원도 정선군 임계면 봉산리 241-18	10	1	4.66	6.78	359	2.4	177	15.3	14.8	4.4	42.2	6.9	17.5	21.3	112	불검출	27	6.1	불검출	불검출	불검출	불검출	불검출	불검출	불검출	불검출	불검출	불검출	불검출	불검출	불검출	불검출	<2	0.2
2013	2분기	GW-JSN-E1-0010	폐광산	정선봉산	강원도 정선군 임계면 봉산리 241-18	30	2	4.74	8.03	401	0	11	14.4	47	2.6	25.9	6.6	17.6	25.4	157	불검출	3.4	0.8	불검출	불검출	불검출	불검출	불검출	불검출	불검출	불검출	불검출	불검출	불검출	불검출	불검출	불검출	<2	0.15
2013	2분기	GW-JSN-E1-0011	폐광산	정선용산	강원도 정선군 임계면 용산2리 536	10	1	4.22	7.07	362	5.9	71	14.6	7	2.2	43.5	7.5	14.9	17.1	95	불검출	41.1	9.3	불검출	불검출	불검출	불검출	불검출	불검출	불검출	불검출	불검출	불검출	불검출	불검출	불검출	불검출	2	0.1
2013	2분기	GW-JSN-E1-0012	폐광산	정선용산	강원도 정선군 임계면 용산2리 536	30	2	4.1	9.22	349	0.2	-138	13	52	14.5	16.5	3	11.8	25.2	126	4	21.4	4.8	불검출	0.007	불검출	불검출	불검출	불검출	불검출	불검출	불검출	불검출	불검출	불검출	불검출	불검출	<2	0.12
2013	2분기	GW-JSN-E1-0007	폐광산	정선임계	강원도 정선군 임계면 송계리 773-1	10	1	3.7	6.1	263	4.5	252	15.5	14.6	3	28.4	6.2	14.6	14.2	78	불검출	26.8	6	불검출	불검출	불검출	불검출	불검출	불검출	불검출	불검출	불검출	불검출	불검출	불검출	불검출	불검출	<2	0.14
2013	2분기	GW-JSN-E1-0008	폐광산	정선임계	강원도 정선군 임계면 송계리 773-1	34	2	3.71	8	1516	0.1	-121	15.1	305.8	9.1	16	12.2	86.4	18.6	659	불검출	1.2	0.3	불검출	0.006	불검출	불검출	불검출	불검출	불검출	불검출	불검출	불검출	불검출	불검출	불검출	불검출	<2	0.91
2013	2분기	CB-GPN-E1-0001	산업단지	증평미암	충북 증평군 증평읍 미암리 603	100	3	3.3	7	198	4.9	76	26.8	16.6	1.5	20.8	6.8	15.9	12.7	69	불검출	20.6	4.6	불검출	불검출	-	불검출	-	불검출	불검출	-	-	-	불검출	불검출	불검출	불검출	23	0.22
2013	2분기	GN-HIN-E1-0004	산업단지	진주상평	경남 진주시 상평동 268-2	10	1	5.49	6.9	384	3.2	256	18.2	29.6	4.7	36.1	5.2	33.6	23	77	불검출	58.1	13.1	불검출	불검출	-	불검출	-	불검출	불검출	-	-	-	불검출	불검출	불검출	불검출	<2	0.12
2013	2분기	GN-HIN-E1-0005	산업단지	진주상평	경남 진주시 상평동 268-2	29	2	6.31	6.82	292	0.8	290	18	27.8	1.5	23.2	8.3	27.8	13.6	73	불검출	34.4	7.8	불검출	불검출	-	불검출	-	불검출	불검출	-	-	-	불검출	불검출	불검출	불검출	<2	0.32
2013	2분기	GN-HIN-E1-0014	하수처리시설	진주소문	경남 진주시 문산읍 소문리 786-1번지	111	3	기존공	7.93	494	0	125	22.9	41.3	1.2	50.3	6.7	22.4	62.3	175	불검출	5.4	1.2	불검출	불검출	불검출	불검출	불검출	불검출	불검출	불검출	불검출	불검출	불검출	불검출	불검출	불검출	2	0.15
2013	2분기	GN-HIN-E1-0006	폐광산	진주지수	경남 진주시 지수면 청원리 411-2	15	1	13.53	6.67	654	6.1	73	17	26.3	1.6	58	20.7	62.7	30.5	152	불검출	32.4	7.3	불검출	불검출	-	-	-	불검출	불검출	-	-	-	-	-	-	-	<2	0.32
2013	2분기	GN-HIN-E1-0007	폐광산	진주지수	경남 진주시 지수면 청원리 411-2	29	2	13.97	6.91	564	3.9	134	18.4	27.5	1.8	48	24.4	49.2	25.5	160	불검출	35.7	8.1	불검출	불검출	-	-	-	불검출	불검출	-	-	-	-	-	-	-	<2	0.32
2013	2분기	CB-JIC-E1-0007	산업단지	진천광혜원	충북 진천군 광혜원면 광혜원리	140	3	3.35	6.2	408	2.6	17	17.9	20.7	3.7	30.5	11.1	44.3	6.6	115	불검출	1.5	0.4	불검출	불검출	-	불검출	-	불검출	0.03	-	-	-	불검출	불검출	불검출	불검출	<2	103
2013	2분기	GN-CWN-E1-0001	광산	창원월계	경남 창원시 의창구 북면 월계리103-1번지	120	3	기존공	7.49	412	2.9	83	18.7	32.2	0.6	50.5	6	22.2	29.8	150	불검출	20.4	4.6	불검출	불검출	불검출	불검출	불검출	불검출	불검출	불검출	불검출	불검출	불검출	불검출	불검출	불검출	<2	0.42
2013	2분기	GN-CWN-E1-0002	광산	창원화양	경남 창원시 의창구 동읍 화양리 41번지	155	3	기존공	7.31	286	2.6	120	18.5	20	0.7	35.8	2.8	11.6	30.8	106	불검출	1.9	0.4	불검출	불검출	불검출	불검출	불검출	불검출	불검출	불검출	불검출	불검출	불검출	불검출	불검출	불검출	<2	0.22
2013	2분기	CB-CHW-E1-0007	산업단지	청원양청	충북 청원군 오창읍 양청리 811	120	3	기존공	6.12	165	4.8	104	16.1	16.7	1	11.8	1.9	5.6	5.1	68	불검출	2.7	0.6	불검출	불검출	-	불검출	-	불검출	불검출	-	-	-	불검출	불검출	불검출	불검출	<2	0.92
2013	2분기	GW-PCG-E1-0010	기타(축산/농업지역)	평창대관령	강원도 평창군 대관령면 횡계1리 335-1	10	1	7.32	6.32	64	6.4	175	16.5	7.7	0.6	4	0.8	5.5	6.4	21	불검출	2	0.5	불검출	불검출	불검출	불검출	불검출	불검출	불검출	불검출	불검출	불검출	불검출	불검출	불검출	불검출	<2	0.48
2013	2분기	GW-PCG-E1-0011	기타(축산/농업지역)	평창대관령	강원도 평창군 대관령면 횡계1리 335-1	27	2	7.5	8.24	236	2.4	96	12.2	13.4	1.1	21.8	4.7	14.9	3.3	36	불검출	52.6	11.9	불검출	불검출	불검출	불검출	불검출	불검출	불검출	불검출	불검출	불검출	불검출	불검출	불검출	불검출	<2	0.27
2013	2분기	GW-PCG-E1-0012	기타(축산/농업지역)	평창대관령	강원도 평창군 대관령면 횡계1리 335-1	100	3	3.44	7.2	305	6	96	13.5	18.7	1.2	29	5.8	15.6	7.5	65	불검출	57	12.9	불검출	불검출	불검출	불검출	불검출	불검출	불검출	불검출	불검출	불검출	불검출	불검출	불검출	불검출	<2	7.5
2013	2분기	GW-PCG-E1-0007	기타(축산/농업지역)	평창횡계	강원도 평창군 대관령면 횡계리 198-2	10	1	5.1	6.41	246	7.4	148	12.1	16.9	0.8	26	4.5	37.9	3.3	49	불검출	19.3	4.4	불검출	불검출	불검출	불검출	불검출	불검출	불검출	불검출	불검출	불검출	불검출	불검출	불검출	불검출	<2	0.18
2013	2분기	GW-PCG-E1-0008	기타(축산/농업지역)	평창횡계	강원도 평창군 대관령면 횡계리 198-2	25	2	5.1	6	923	2	122	12.6	31.8	1.7	85.4	24.3	210.3	4.4	72	불검출	35.7	8.1	불검출	불검출	불검출	불검출	불검출	불검출	불검출	불검출	불검출	불검출	불검출	불검출	불검출	불검출	<2	0.14
2013	2분기	GW-PCG-E1-0009	기타(축산/농업지역)	평창횡계	강원도 평창군 대관령면 횡계리 198-2	100	3	기존공	6.64	527	6.5	112	11.4	27.8	1.2	47.3	14.2	90.5	2.6	70	불검출	46.3	10.5	불검출	불검출	불검출	불검출	불검출	불검출	불검출	불검출	불검출	불검출	불검출	불검출	불검출	불검출	<2	0.16
2013	2분기	GG-PTK-E1-0007	산업단지	평택노와	경기도 평택시 팽성읍 노와리 155-1	80	3	10.3	6.87	356	7.4	146	21	20	1.5	28.5	8.6	40.4	11.2	47	불검출	46.6	10.5	불검출	불검출	-	불검출	-	불검출	불검출	-	-	-	불검출	불검출	불검출	불검출	-	0.12
2013	2분기	GB-KPO-E1-0008	산업단지	포항연일	경북 포항시 남구 연일읍 동문리 47-1	10	1	1.63	8.48	1303	7.1	-167	19.5	170.3	41.7	34.2	38.2	247.9	2.7	343	불검출	불검출	불검출	불검출	불검출	-	불검출	-	불검출	불검출	-	-	-	불검출	불검출	불검출	불검출	-	0.8
2013	2분기	GB-KPO-E1-0009	산업단지	포항연일	경북 포항시 남구 연일읍 동문리 47-1	30	2	4.68	8.19	2180	0.2	-222	15.8	419.6	52.2	50.5	57.6	592	17.2	507	불검출	불검출	불검출	불검출	불검출	-	불검출	-	불검출	불검출	-	-	-	불검출	불검출	불검출	불검출	-	0.92
2013	2분기	GB-KPO-E1-0004	산업단지	포항인덕	경북 포항시 남구 인덕동 161-1	10	1	5.73	6.5	854	6.3	295	20.6	58.9	12.2	94.4	34.2	28.4	379.3	63	불검출	16	3.6	불검출	불검출	-	불검출	-	불검출	불검출	-	-	-	불검출	불검출	불검출	불검출	-	0.11
2013	2분기	GB-KPO-E1-0005	산업단지	포항인덕	경북 포항시 남구 인덕동 161-1	33	2	11.45	6.02	274	0.6	196	18.4	43	3.2	7.8	4.7	25.2	75.9	27	불검출	1.2	0.3	불검출	불검출	-	불검출	-	불검출	불검출	-	-	-	불검출	불검출	불검출	불검출	-	0.91
2013	2분기	GB-KPO-E1-0006	산업단지	포항청림	경북 포항시 남구 청림동 914-2	10	1	5.84	6.91	406	5.2	382	19	42.5	7.6	32.8	13.7	61.1	68.4	80	불검출	14.4	3.3	불검출	0.026	-	불검출	-	불검출	불검출	-	-	-	불검출	불검출	불검출	불검출	-	0.52
2013	2분기	GB-KPO-E1-0007	산업단지	포항청림	경북 포항시 남구 청림동 914-2	30	2	5.86	8.7	1404	0.3	-126	17.5	352.5	8.6	9.2	4	365.1	13.7	324	불검출	1.4	0.3	불검출	불검출	-	불검출	-	불검출	불검출	-	-	-	불검출	불검출	불검출	불검출	-	0.34
2013	2분기	GB-KPO-E1-0010	산업단지	포항호동	경북 포항시 남구 호동 628	10	1	6.02	6.77	1517	1.8	116	18.6	62.7	11.4	204.8	97.4	11.8	790.3	305	불검출	3.7	0.8	불검출	불검출	-	불검출	-	불검출	불검출	-	-	-	불검출	불검출	불검출	불검출	5	0.9
2013	2분기	GB-KPO-E1-0011	산업단지	포항호동	경북 포항시 남구 호동 628	30	2	6.3	7.29	2785	0.3	-111	17.6	422.8	11.8	118.5	57	29.4	967	499	불검출	1	0.2	불검출	불검출	-	불검출	-	불검출	0.02	-	-	-	불검출	불검출	불검출	불검출	<2	40.1
2013	3분기	GW-GAG-E1-0001	기타(매립지)	강릉강동	강원도 강릉시 강동면 임곡리 산25	13	1	9.77	5.4	379	4.8	179	13.4	19.5	2	24.9	21.8	10.9	168.7	13	불검출	12.7	2.9	불검출	불검출	불검출	불검출	불검출	불검출	불검출	불검출	불검출	불검출	불검출	0.003	불검출	불검출	17	208
2013	3분기	GW-GAG-E1-0002	기타(매립지)	강릉강동	강원도 강릉시 강동면 임곡리 산25	30	2	12.26	6.1	734	6.2	159	13.2	22.8	2	80.2	37.4	8.3	368.4	37	불검출	4.2	0.9	불검출	불검출	불검출	불검출	불검출	불검출	불검출	불검출	불검출	불검출	불검출	불검출	불검출	불검출	5	6.74
2013	3분기	GW-GAG-E1-0003	기타(매립지)	강릉강동	강원도 강릉시 강동면 임곡리 산25	150	3	기존공	7.3	131	5.1	142	14	4.3	0.5	16.7	2.3	8	11.8	37	불검출	2.9	0.6	불검출	불검출	불검출	불검출	불검출	불검출	불검출	불검출	불검출	불검출	불검출	불검출	불검출	불검출	<2	0.65
2013	3분기	GW-GAG-E1-0004	기타(도심지)	강릉교동	강원도 강릉시 교2동 408	12	1	4.59	6.5	863	0.2	30	14.7	49.3	2.7	69.6	29.4	121.5	4.7	248	불검출	1	0.2	불검출	불검출	불검출	불검출	불검출	불검출	0.03	불검출	불검출	불검출	불검출	불검출	불검출	불검출	14	50.7
2013	3분기	GW-GAG-E1-0005	기타(도심지)	강릉교동	강원도 강릉시 교2동 408	30	2	5.07	6.7	555	0.1	48	14.7	36.8	2.1	37.8	21.5	52.1	7.1	208	불검출	1.1	0.2	불검출	불검출	불검출	불검출	불검출	불검출	불검출	불검출	불검출	불검출	불검출	불검출	불검출	불검출	<2	0.92
2013	3분기	GW-GAG-E1-0006	기타(도심지)	강릉교동	강원도 강릉시 교2동 408	150	3	1.32	7.3	366	8.2	68	15.1	23.8	2.4	28.6	13.2	12.8	12.2	145	불검출	19.6	4.4	불검출	불검출	불검출	불검출	불검출	불검출	불검출	불검출	불검출	불검출	불검출	불검출	불검출	불검출	<2	0.19
2013	3분기	GW-GAG-E1-0010	기타(도심지)	강릉두산	강원도 강릉시 두산동 10	10	1	2.48	6	351	0.6	82	16.6	27.2	4.1	17.5	9.1	50.2	35	45	불검출	3.8	0.8	불검출	불검출	불검출	불검출	불검출	불검출	불검출	불검출	불검출	불검출	불검출	불검출	불검출	불검출	2	0.89
2013	3분기	GW-GAG-E1-0011	기타(도심지)	강릉두산	강원도 강릉시 두산동 10	30	2	2.36	7.2	1526	1.4	81	16.5	232.5	10.4	13.6	28.3	362.9	46.2	114	불검출	불검출	불검출	불검출	0.009	불검출	불검출	불검출	불검출	0.07	불검출	불검출	불검출	불검출	불검출	불검출	불검출	<2	5.83
2013	3분기	GW-GAG-E1-0012	기타(도심지)	강릉두산	강원도 강릉시 두산동 10	80	3	4.04	6.6	34700	0.1	56	15.2	5433.6	66.1	1840	1268.8	13013.8	1399.2	126	불검출	1.9	0.4	불검출	0.026	불검출	불검출	불검출	불검출	0.11	불검출	불검출	불검출	불검출	불검출	불검출	불검출	<2	7.52
2013	3분기	GW-GAG-E1-0007	기타(도심지)	강릉장현	강원도 강릉시 장현동 74-7	10	1	3.46	6.3	321	0.1	2	14.3	23.7	2	11.4	7.8	35.2	23.6	55	불검출	불검출	불검출	불검출	불검출	불검출	불검출	불검출	불검출	0.05	불검출	불검출	불검출	불검출	불검출	불검출	불검출	5	29.2
2013	3분기	GW-GAG-E1-0008	기타(도심지)	강릉장현	강원도 강릉시 장현동 74-7	30	2	3.52	6.4	213	0.1	-18	14.8	20.1	1.5	3.2	4.1	25	2.6	50	불검출	불검출	불검출	불검출	0.009	불검출	불검출	불검출	불검출	0.04	불검출	불검출	불검출	불검출	불검출	불검출	불검출	<2	86
2013	3분기	GW-GAG-E1-0009	기타(도심지)	강릉장현	강원도 강릉시 장현동 74-7	120	3	기존공	6.7	178	3.1	34	15.9	12.1	2.3	11.2	6	10.3	4.6	68	불검출	2.6	0.6	불검출	불검출	불검출	불검출	불검출	불검출	불검출	불검출	불검출	불검출	불검출	불검출	불검출	불검출	<2	0.55
2013	3분기	GB-GYS-E1-0001	산업단지	경산진량	경북 경산시 진량읍 신상리 685-21	20	1	20.54	7.2	601	3.9	184	17.1	30.7	2.2	49.1	20.9	30.2	47.2	212	불검출	8.5	1.9	불검출	불검출	-	불검출	-	불검출	불검출	-	-	-	불검출	불검출	불검출	불검출	110	95.7
2013	3분기	GB-GYS-E1-0002	산업단지	경산진량	경북 경산시 진량읍 신상리 685-21	50	2	41.72	6.9	774	0.7	176	16.9	34.7	1.9	69.8	33	38.3	43.4	307	불검출	2.7	0.6	불검출	불검출	-	불검출	-	불검출	불검출	-	-	-	불검출	불검출	불검출	불검출	5	0.91
2013	3분기	GJ-BKK-E1-0001	산업단지	광주월출	광주시 북구 월출동 971-35	60	3	기존공	6.9	291	4.3	108	16.9	32.9	21.2	19.6	0.6	26.4	5.9	107	불검출	1.3	0.3	불검출	불검출	-	불검출	-	불검출	불검출	-	-	-	불검출	불검출	불검출	불검출	<2	0.92
2013	3분기	DE-DSG-E1-0001	관입화성암(화강암)	대구논공	충청남도 당진시 정미면 천의리 276-1	10	1	2.2	7.2	250	0.1	-79	17.6	9	1	12.2	11.5	10.5	불검출	108	불검출	0.6	0.1	불검출	0.049	-	불검출	-	불검출	0.02	-	-	-	불검출	불검출	불검출	불검출	-	115
2013	3분기	DE-DSG-E1-0002	관입화성암(화강암)	대구논공	충청남도 당진시 정미면 천의리 276-1	29	2	2.29	7.7	525	2.5	143	17.5	15.4	2.4	54.9	24.8	53	37.7	136	불검출	47	10.6	불검출	불검출	-	불검출	-	불검출	불검출	-	-	-	불검출	불검출	불검출	불검출	-	0.06
2013	3분기	DE-DSO-E1-0001	산업단지	대구대천	대구시 달서구 대천동 695	14	1	4.08	7.6	977	0.2	69	24.5	115.4	10	111.2	18.6	46.8	247	299	불검출	0.8	0.2	불검출	불검출	-	불검출	-	불검출	불검출	-	-	-	불검출	불검출	0.001	0.001	5	0.1
2013	3분기	DE-DSO-E1-0002	산업단지	대구대천	대구시 달서구 대천동 695	32	2	6.37	7.3	813	0.1	0	18.8	63.9	2.3	100.8	25.6	78.5	138.5	250	불검출	불검출	불검출	불검출	0.006	-	불검출	-	불검출	불검출	-	-	-	불검출	불검출	불검출	불검출	<2	8.32
2013	3분기	DE-SOG-E1-0001	산업단지	대구비산	대구시 서구 비산동 3064	12	1	6.6	8.9	1997	4.3	-100	22.8	464.7	8	32.7	4.5	불검출	196.4	1168	불검출	불검출	불검출	불검출	0.3	-	불검출	불검출	불검출	0.02	-	-	-	불검출	불검출	불검출	불검출	-	45.5
2013	3분기	DE-SOG-E1-0002	산업단지	대구비산	대구시 서구 비산동 3064	30	2	7.88	7	1145	0.6	107	20.8	39.9	3.6	166	52.9	106.2	29.6	586	불검출	불검출	불검출	불검출	0.007	-	불검출	불검출	불검출	불검출	-	-	-	불검출	불검출	불검출	불검출	-	0.47
2013	3분기	GN-MRY-E1-0004	하수처리시설	밀양기산	경남 밀양시 상남면 기산리 34-2번지	100	3	기존공	6.4	344	0.1	13	17.3	27.1	2.7	36.8	8.5	46.6	74.8	53	불검출	불검출	불검출	불검출	불검출	불검출	불검출	불검출	불검출	0.03	불검출	불검출	불검출	불검출	불검출	불검출	불검출	<2	28.9
2013	3분기	GN-SAC-E1-0001	산업단지	사천사남	경남 사천시 사남면 방지리 200	8	1	5.51	7.2	924	2.3	130	19.2	78.2	14.1	50.1	64	23.6	141	432	불검출	불검출	불검출	불검출	불검출	-	불검출	-	불검출	불검출	-	-	-	불검출	불검출	불검출	불검출	<2	0.11
2013	3분기	GN-SAC-E1-0002	산업단지	사천사남	경남 사천시 사남면 방지리 200	32	2	5.54	7.8	1026	0.2	-96	17.4	171.5	11.8	27.1	24.8	130.8	110.2	292	불검출	불검출	불검출	불검출	0.009	-	불검출	-	불검출	불검출	-	-	-	불검출	불검출	불검출	불검출	<2	0.43
2013	3분기	GN-YAS-E1-0001	산업단지	양산교동	경남 양산시 교동 90	7.5	1	1.51	6.6	362	0.9	186	17.4	36.2	2.7	17	8.9	26	42.9	86	불검출	10.4	2.3	불검출	불검출	-	불검출	-	불검출	불검출	-	-	-	불검출	불검출	불검출	불검출	23	0.88
2013	3분기	GN-YAS-E1-0002	산업단지	양산교동	경남 양산시 교동 90	36	2	1.43	7	333	0.9	190	17.7	27.3	3.4	21.7	7.9	24.7	44.2	72	불검출	9.6	2.2	불검출	불검출	-	불검출	-	불검출	불검출	-	-	-	불검출	불검출	불검출	불검출	<2	50.4
2013	3분기	GN-YAS-E1-0003	산업단지	양산북정	경남 양산시 북정동 383	10	1	4.45	6.2	544	0.2	122	19	29.6	11.4	45.2	9.8	21.5	37.1	211	불검출	0.8	0.2	불검출	불검출	-	불검출	-	불검출	불검출	-	-	-	불검출	불검출	불검출	불검출	2	0.9
2013	3분기	GN-YAS-E1-0004	산업단지	양산북정	경남 양산시 북정동 383	30	2	4.37	7.4	523	0.1	136	17.3	69.8	3.8	21.8	6.3	39.6	15.2	184	불검출	1.1	0.2	불검출	0.008	-	불검출	-	불검출	불검출	-	-	-	불검출	불검출	불검출	불검출	<2	17.1
2013	3분기	GB-YJU-E1-0004	산업단지	영주대촌	경북 영주시 봉현면 대촌리 170번지	80	3	기존공	6.4	238	3.8	192	14.7	13.9	1.2	22.2	4.1	10.8	10.7	59	불검출	29.7	6.7	불검출	불검출	불검출	불검출	불검출	불검출	불검출	불검출	불검출	불검출	불검출	불검출	불검출	불검출	<2	0.11
2013	3분기	US-DGU-E1-0001	산업단지	울산방어	울산시 동구 방어동 1053	10	1	4.08	5.6	560	0.7	285	17.5	64.9	2.6	33.2	20.2	33.2	84.3	158	불검출	24.8	5.6	불검출	불검출	-	불검출	-	불검출	불검출	-	-	-	불검출	불검출	불검출	불검출	<2	0.06
2013	3분기	US-DGU-E1-0002	산업단지	울산방어	울산시 동구 방어동 1053	30	2	5.26	5.9	630	0.2	159	16.9	64.8	3.7	43.4	23.1	35.3	95.6	196	불검출	26.7	6	불검출	불검출	-	불검출	-	불검출	불검출	-	-	-	불검출	불검출	불검출	불검출	<2	0.08
2013	3분기	US-NMU-E1-0001	산업단지	울산선암	울산시 남구 선암동 180	10	1	6.01	6.4	583	1.2	71	17.5	30.9	1.9	54.5	21.8	55.2	16.5	216	불검출	7.7	1.8	불검출	불검출	-	불검출	-	불검출	불검출	-	-	-	불검출	불검출	불검출	불검출	33	0.17
2013	3분기	US-NMU-E1-0002	산업단지	울산선암	울산시 남구 선암동 180	30	2	6.42	7	506	0.1	-46	16	23.7	1.3	40.3	29.1	36.4	4.1	242	불검출	1.1	0.2	불검출	불검출	-	불검출	-	불검출	불검출	-	-	-	불검출	불검출	불검출	불검출	<2	0.27
2013	3분기	US-UJU-E1-0001	산업단지	울산청량	울산시 울주군 청량면 상남리 595-7	10	1	0.33	7.1	501	0.3	-180	16.2	40.9	5.6	32.2	22.8	74	18.9	149	불검출	불검출	불검출	불검출	0.022	-	불검출	-	불검출	불검출	-	-	-	불검출	불검출	불검출	불검출	<2	0.74
2013	3분기	US-UJU-E1-0002	산업단지	울산청량	울산시 울주군 청량면 상남리 595-7	30	2	자분정	7.1	523	0	-141	16	51.3	2.8	35.4	18.8	72	12.4	177	불검출	불검출	불검출	불검출	0.026	-	불검출	-	불검출	불검출	-	-	-	불검출	불검출	불검출	불검출	<2	0.7
2013	3분기	US-BKU-E1-0001	산업단지	울산효문	울산시 북구 효문동 767	10	1	3.34	5.4	362	3	185	15.6	45.3	5.6	9	7	33	59.9	56	불검출	17.7	4	불검출	불검출	-	불검출	-	불검출	불검출	-	-	-	불검출	불검출	불검출	불검출	5	0.38
2013	3분기	US-BKU-E1-0002	산업단지	울산효문	울산시 북구 효문동 767	25	2	5.17	5.4	552	1.8	202	15.6	43	6.7	23.5	21	91.1	79	41	불검출	37	8.4	불검출	불검출	-	불검출	-	불검출	0.02	-	-	-	불검출	불검출	불검출	불검출	<2	0.66
2013	3분기	CB-UMS-E1-0001	산업단지	음성대풍	충북 음성군 대소면 대풍리 38-2	80	3	20.43	6.7	268	5.7	228	14.7	16.2	1.2	21.2	7.2	11.6	8.1	87	불검출	16.8	3.8	불검출	불검출	-	불검출	-	불검출	불검출	-	-	-	불검출	불검출	불검출	불검출	-	0.08
2013	3분기	GN-URG-E1-0004	하수처리시설	의령무전	경남 의령군 의령읍 무전리 78번지	160	3	기존공	6.4	653	2.7	58	17.3	32	1	96	13.5	23.3	133.5	220	불검출	5.2	1.2	불검출	불검출	불검출	불검출	불검출	불검출	불검출	불검출	불검출	불검출	불검출	불검출	불검출	불검출	<2	0.91
2013	3분기	GW-JSN-E1-0013	폐광산	정선남면	강원도 정선군 남면 낙동리 336-9	7.5	1	4.28	7.5	397	6.2	134	16	5.7	2	60.4	7.7	10.5	83	99	불검출	10.1	2.3	불검출	0.006	불검출	불검출	불검출	불검출	불검출	불검출	불검출	불검출	불검출	불검출	불검출	불검출	<2	0.06
2013	3분기	GW-JSN-E1-0014	폐광산	정선남면	강원도 정선군 남면 낙동리 336-9	27	2	4.25	7.6	383	6.5	133	15.9	5.2	1.9	59.8	7.5	9.7	68.6	107	불검출	9.6	2.2	불검출	0.008	불검출	불검출	불검출	불검출	불검출	불검출	불검출	불검출	불검출	불검출	불검출	불검출	<2	0.08
2013	3분기	GW-JSN-E1-0009	폐광산	정선봉산	강원도 정선군 임계면 봉산리 241-18	10	1	4.79	6.5	308	4.7	148	14.7	10.8	5.2	35.2	5.8	9	17.8	107	불검출	21.3	4.8	불검출	불검출	불검출	불검출	불검출	불검출	불검출	불검출	불검출	불검출	불검출	불검출	불검출	불검출	<2	0.08
2013	3분기	GW-JSN-E1-0010	폐광산	정선봉산	강원도 정선군 임계면 봉산리 241-18	30	2	4.84	7.2	421	4.6	130	12.9	22.5	3.6	41	6.5	18	24.5	133	불검출	22.3	5	불검출	0.005	불검출	불검출	불검출	불검출	불검출	불검출	불검출	불검출	불검출	불검출	불검출	불검출	<2	0.92
2013	3분기	GW-JSN-E1-0011	폐광산	정선용산	강원도 정선군 임계면 용산2리 536	10	1	4.23	7.2	408	5	110	12.1	12.5	2.4	49.7	7.9	13.1	21	130	불검출	44.3	10	불검출	불검출	불검출	불검출	불검출	불검출	불검출	불검출	불검출	불검출	불검출	불검출	불검출	불검출	<2	0.4
2013	3분기	GW-JSN-E1-0012	폐광산	정선용산	강원도 정선군 임계면 용산2리 536	30	2	7.53	8.2	392	5.2	103	11.5	25.1	10.3	33.7	6.5	12	20.7	135	불검출	28.7	6.5	불검출	0.005	불검출	불검출	불검출	불검출	불검출	불검출	불검출	불검출	불검출	불검출	불검출	불검출	<2	6.04
2013	3분기	GW-JSN-E1-0007	폐광산	정선임계	강원도 정선군 임계면 송계리 773-1	10	1	3.84	6	268	4	175	15.9	9.9	3.7	29	5.2	13.9	15.3	70	불검출	26.2	5.9	불검출	불검출	불검출	불검출	불검출	불검출	불검출	불검출	불검출	불검출	불검출	불검출	불검출	불검출	<2	0.06
2013	3분기	GW-JSN-E1-0008	폐광산	정선임계	강원도 정선군 임계면 송계리 773-1	34	2	10.49	8	688	1	131	13	124.9	6.2	17.8	6.3	33.6	10.9	308	불검출	14.7	3.3	불검출	불검출	불검출	불검출	불검출	불검출	불검출	불검출	불검출	불검출	불검출	불검출	불검출	불검출	<2	20.9
2013	3분기	CB-GPN-E1-0001	산업단지	증평미암	충북 증평군 증평읍 미암리 603	100	3	2.42	6.8	251	5.4	226	15.2	18.4	2	17.7	5.7	14.4	12.1	69	불검출	21.6	4.9	불검출	불검출	-	불검출	-	불검출	불검출	-	-	-	불검출	불검출	불검출	불검출	23	0.36
2013	3분기	GN-HIN-E1-0004	산업단지	진주상평	경남 진주시 상평동 268-2	10	1	5.5	6.5	407	3.1	226	19.8	33.7	4.3	40	4.8	39	23.2	67	불검출	73.9	16.7	불검출	불검출	-	불검출	-	불검출	불검출	-	-	-	불검출	불검출	불검출	불검출	<2	6.83
2013	3분기	GN-HIN-E1-0005	산업단지	진주상평	경남 진주시 상평동 268-2	29	2	5.68	6.6	299	0.6	231	17.6	26.2	1.5	23.5	8.2	28.7	14.5	65	불검출	35.9	8.1	불검출	불검출	-	불검출	-	불검출	불검출	-	-	-	불검출	불검출	불검출	불검출	<2	0.23
2013	3분기	GN-HIN-E1-0014	하수처리시설	진주소문	경남 진주시 문산읍 소문리 786-1번지	111	3	기존공	7.5	485	0.7	130	21.9	50.7	1.2	50.4	6.3	23.6	63.3	182	불검출	2.1	0.5	불검출	불검출	불검출	불검출	불검출	불검출	불검출	불검출	불검출	불검출	불검출	불검출	불검출	불검출	<2	0.35
2013	3분기	GN-HIN-E1-0006	폐광산	진주지수	경남 진주시 지수면 청원리 411-2	15	1	11	6.8	599	5.4	242	15.7	29.4	1.9	71	21	76.2	35.2	159	불검출	35.9	8.1	불검출	불검출	-	-	-	불검출	불검출	-	-	-	-	-	-	-	<2	0.11
2013	3분기	GN-HIN-E1-0007	폐광산	진주지수	경남 진주시 지수면 청원리 411-2	29	2	11.5	6.6	585	4.7	287	15.7	27.4	1.8	71.4	20.8	66.6	35.1	168	불검출	33.3	7.5	불검출	불검출	-	-	-	불검출	불검출	-	-	-	-	-	-	-	<2	0.21
2013	3분기	CB-JIC-E1-0007	산업단지	진천광혜원	충북 진천군 광혜원면 광혜원리	140	3	기존공	6.2	498	2.8	90	16.5	25.2	3.7	35.6	12.7	60.9	7.9	122	불검출	2.6	0.6	불검출	불검출	-	불검출	-	불검출	0.02	-	-	-	불검출	0.005	불검출	불검출	<2	75
2013	3분기	GN-CWN-E1-0001	광산	창원월계	경남 창원시 의창구 북면 월계리103-1번지	120	3	기존공	5.7	413	1.3	136	16.7	32.9	0.6	51	5.7	21.2	33.2	149	불검출	19.6	4.4	불검출	불검출	불검출	불검출	불검출	불검출	불검출	불검출	불검출	불검출	불검출	불검출	불검출	불검출	<2	0.73
2013	3분기	GN-CWN-E1-0002	광산	창원화양	경남 창원시 의창구 동읍 화양리 41번지	155	3	기존공	7.2	218	0.3	135	16.2	22.3	0.2	22.9	0.6	7.7	33	71	불검출	1	0.2	불검출	0.008	불검출	불검출	불검출	불검출	불검출	불검출	불검출	불검출	불검출	불검출	불검출	불검출	2	0.31
2013	3분기	CB-CHW-E1-0007	산업단지	청원양청	충북 청원군 오창읍 양청리 811	120	3	기존공	6.2	172	2.6	217	16.7	15.4	1.1	11.2	2.3	5.9	4.7	71	불검출	2.5	0.6	불검출	불검출	-	불검출	-	불검출	불검출	-	-	-	불검출	불검출	불검출	불검출	33	8.63
2013	3분기	GW-PCG-E1-0010	기타(축산/농업지역)	평창대관령	강원도 평창군 대관령면 횡계1리 335-1	10	1	7.67	6	446	5.4	156	14.5	23.9	1.6	46.4	4.8	35.5	6.2	14	불검출	157.1	35.5	불검출	불검출	불검출	불검출	불검출	불검출	불검출	불검출	불검출	불검출	불검출	불검출	불검출	불검출	<2	0.91
2013	3분기	GW-PCG-E1-0011	기타(축산/농업지역)	평창대관령	강원도 평창군 대관령면 횡계1리 335-1	27	2	7.91	6.9	266	5.2	123	11.2	17.2	1.1	19.4	4.6	21.1	3	25	불검출	69.9	15.8	불검출	불검출	불검출	불검출	불검출	불검출	불검출	불검출	불검출	불검출	불검출	불검출	불검출	불검출	<2	0.93
2013	3분기	GW-PCG-E1-0012	기타(축산/농업지역)	평창대관령	강원도 평창군 대관령면 횡계1리 335-1	100	3	3.62	7.4	347	6.3	138	12.1	23	1.2	29.5	5.9	17.4	7	69	불검출	71.8	16.2	불검출	불검출	불검출	불검출	불검출	불검출	불검출	불검출	불검출	불검출	불검출	불검출	불검출	불검출	<2	0.91
2013	3분기	GW-PCG-E1-0007	기타(축산/농업지역)	평창횡계	강원도 평창군 대관령면 횡계리 198-2	10	1	5.25	6.3	280	7	136	10.8	18.2	0.8	25.2	4	43.7	2.4	42	불검출	18.9	4.3	불검출	불검출	불검출	불검출	불검출	불검출	불검출	불검출	불검출	불검출	불검출	불검출	불검출	불검출	<2	0.57
2013	3분기	GW-PCG-E1-0008	기타(축산/농업지역)	평창횡계	강원도 평창군 대관령면 횡계리 198-2	25	2	5.2	6	920	2.3	129	10.5	27.6	1.7	85.1	21.3	201.6	2.8	71	불검출	34.1	7.7	불검출	0.005	불검출	불검출	불검출	불검출	불검출	불검출	불검출	불검출	불검출	불검출	불검출	불검출	<2	0.14
2013	3분기	GW-PCG-E1-0009	기타(축산/농업지역)	평창횡계	강원도 평창군 대관령면 횡계리 198-2	100	3	4.72	6.6	554	6.1	130	10.8	23.2	1.2	53.6	12.5	95	2.1	95	불검출	53.4	12.1	불검출	불검출	불검출	불검출	불검출	불검출	불검출	불검출	불검출	불검출	불검출	불검출	불검출	불검출	<2	0.09
2013	3분기	GG-PTK-E1-0007	산업단지	평택노와	경기도 평택시 팽성읍 노와리 155-1	80	3	기존공	6.8	364	7.2	252	21	22.4	1.7	35	8.2	43.1	9.7	59	불검출	49.5	11.2	불검출	불검출	-	불검출	-	불검출	불검출	-	-	-	불검출	불검출	불검출	불검출	-	0.19
2013	3분기	GB-KPO-E1-0008	산업단지	포항연일	경북 포항시 남구 연일읍 동문리 47-1	10	1	1.46	7.2	907	2.1	-167	17	97	49.9	63.6	22.1	132.3	99.4	229	불검출	불검출	불검출	불검출	0.02	-	불검출	-	불검출	0.02	-	-	-	불검출	불검출	불검출	불검출	-	0.92
2013	3분기	GB-KPO-E1-0009	산업단지	포항연일	경북 포항시 남구 연일읍 동문리 47-1	30	2	3.76	7.5	1890	0.1	-252	15.4	333.7	38.8	48.9	38.5	462.8	5.3	407	불검출	불검출	불검출	불검출	0.011	-	불검출	-	불검출	0.05	-	-	-	불검출	불검출	불검출	불검출	-	0.91
2013	3분기	GB-KPO-E1-0004	산업단지	포항인덕	경북 포항시 남구 인덕동 161-1	10	1	5.08	5.6	827	3.1	169	17.8	53.9	11.2	82.1	29.5	29.3	373.2	72	불검출	17	3.8	불검출	불검출	-	불검출	-	불검출	불검출	-	-	-	불검출	불검출	불검출	불검출	-	0.18
2013	3분기	GB-KPO-E1-0005	산업단지	포항인덕	경북 포항시 남구 인덕동 161-1	33	2	11.23	5.2	280	0.2	55	17.3	38.3	3.2	4.8	5.3	28.7	73.9	20	불검출	1.2	0.3	불검출	불검출	-	불검출	-	불검출	불검출	-	-	-	불검출	불검출	불검출	불검출	-	0.14
2013	3분기	GB-KPO-E1-0006	산업단지	포항청림	경북 포항시 남구 청림동 914-2	10	1	5.72	6	428	3.3	92	19.5	37.2	8.4	37	13	65.4	75.7	87	불검출	20.2	4.6	불검출	불검출	-	불검출	-	불검출	불검출	-	-	-	불검출	불검출	불검출	불검출	-	0.11
2013	3분기	GB-KPO-E1-0007	산업단지	포항청림	경북 포항시 남구 청림동 914-2	30	2	5.56	7.7	1401	0.1	-210	17.2	325.6	8.1	6.1	3.5	297.1	2.8	333	불검출	불검출	불검출	불검출	0.008	-	불검출	-	불검출	0.05	-	-	-	불검출	불검출	불검출	불검출	-	0.22
2013	3분기	GB-KPO-E1-0010	산업단지	포항호동	경북 포항시 남구 호동 628	10	1	5.66	6.2	1860	1.9	76	19.4	83.8	11.7	318.2	93.6	17.3	1158	335	불검출	불검출	불검출	불검출	불검출	-	불검출	-	불검출	불검출	-	-	-	불검출	불검출	불검출	불검출	<2	0.93
2013	3분기	GB-KPO-E1-0011	산업단지	포항호동	경북 포항시 남구 호동 628	30	2	5.79	6.2	2380	0.2	-123	17	458	10.9	129.1	55.4	57.3	1192.1	446	불검출	불검출	불검출	불검출	0.005	-	불검출	-	불검출	0.03	-	-	-	불검출	불검출	불검출	불검출	<2	46.2
2013	4분기	GW-GAG-E1-0001	기타(매립지)	강릉강동	강원도 강릉시 강동면 임곡리 산25	13	1	12	5	439	5.8	128	11.9	16.4	5.8	17.7	28.9	23.2	180.9	2	불검출	36.9	8.3	0.002	불검출	불검출	불검출	불검출	불검출	불검출	불검출	불검출	불검출	불검출	불검출	불검출	불검출	79	3343
2013	4분기	GW-GAG-E1-0002	기타(매립지)	강릉강동	강원도 강릉시 강동면 임곡리 산25	30	2	13.32	6.1	840	4.5	132	12.9	20	1.8	81.4	57.5	9.3	467.2	34	불검출	5	1.1	불검출	불검출	불검출	불검출	불검출	불검출	불검출	불검출	불검출	불검출	불검출	불검출	불검출	불검출	<2	0.94
2013	4분기	GW-GAG-E1-0003	기타(매립지)	강릉강동	강원도 강릉시 강동면 임곡리 산25	150	3	기존공	7.9	119	6.7	93	9.3	4.6	0.4	16.9	1.8	6.6	15.4	41	불검출	2.3	0.5	불검출	불검출	불검출	불검출	불검출	불검출	불검출	불검출	불검출	불검출	불검출	불검출	불검출	불검출	<2	0.93
2013	4분기	GW-GAG-E1-0004	기타(도심지)	강릉교동	강원도 강릉시 교2동 408	12	1	4.86	6.3	703	0.2	84	14.6	52.4	1.8	76.4	31.1	133.1	5.6	256	불검출	1.2	0.3	불검출	불검출	불검출	불검출	불검출	불검출	불검출	불검출	불검출	불검출	불검출	불검출	불검출	불검출	<2	8.55
2013	4분기	GW-GAG-E1-0005	기타(도심지)	강릉교동	강원도 강릉시 교2동 408	30	2	5.01	6.4	409	0.1	20	14.9	37.8	2.1	37.8	22.3	48.7	6.9	212	불검출	불검출	불검출	불검출	불검출	불검출	불검출	불검출	불검출	불검출	불검출	불검출	불검출	불검출	불검출	불검출	불검출	<2	0.2
2013	4분기	GW-GAG-E1-0006	기타(도심지)	강릉교동	강원도 강릉시 교2동 408	150	3	11.24	7.1	286	5.8	4	13.1	22.8	2.4	28.7	13.6	12.5	11	149	불검출	19.3	4.4	불검출	불검출	불검출	불검출	불검출	불검출	불검출	불검출	불검출	불검출	불검출	불검출	불검출	불검출	<2	0.53
2013	4분기	GW-GAG-E1-0010	기타(도심지)	강릉두산	강원도 강릉시 두산동 10	10	1	2.66	7.2	1196	6.6	68	15.4	206.8	10.6	21.3	36.6	334.6	42.1	107	불검출	1.2	0.3	불검출	불검출	불검출	불검출	불검출	불검출	불검출	불검출	불검출	불검출	불검출	불검출	불검출	불검출	<2	7.64
2013	4분기	GW-GAG-E1-0011	기타(도심지)	강릉두산	강원도 강릉시 두산동 10	30	2	2.57	7.3	2129	0.2	-3	15.3	410.8	10.2	11.7	28.1	583	73.7	112	불검출	1.2	0.3	불검출	불검출	불검출	불검출	불검출	불검출	불검출	불검출	불검출	불검출	불검출	불검출	불검출	불검출	<2	0.91
2013	4분기	GW-GAG-E1-0012	기타(도심지)	강릉두산	강원도 강릉시 두산동 10	80	3	4.22	6.7	29210	0.2	-35	13.3	5088	59.3	1926.6	1344	13003	1393.1	131	불검출	2.3	0.5	불검출	0.005	불검출	불검출	불검출	불검출	불검출	불검출	불검출	불검출	불검출	불검출	불검출	불검출	<2	10.1
2013	4분기	GW-GAG-E1-0007	기타(도심지)	강릉장현	강원도 강릉시 장현동 74-7	10	1	3.57	6.5	283	0.1	-4	14.2	23	1.8	10.6	7.5	34.6	25	65	불검출	1.1	0.2	불검출	불검출	불검출	불검출	불검출	불검출	불검출	불검출	불검출	불검출	불검출	불검출	불검출	불검출	<2	77.2
2013	4분기	GW-GAG-E1-0008	기타(도심지)	강릉장현	강원도 강릉시 장현동 74-7	30	2	3.65	6.6	198	0.2	-68	14.9	20.4	1.1	2.7	3.7	26.8	2.7	42	불검출	0.9	0.2	불검출	0.007	불검출	불검출	불검출	불검출	불검출	불검출	불검출	불검출	불검출	불검출	불검출	불검출	<2	123
2013	4분기	GW-GAG-E1-0009	기타(도심지)	강릉장현	강원도 강릉시 장현동 74-7	120	3	기존공	7	165	8.2	8	14.6	11.2	2.3	11	6.1	10.1	5.4	69	불검출	3.6	0.8	불검출	불검출	불검출	불검출	불검출	불검출	불검출	불검출	불검출	불검출	불검출	불검출	불검출	불검출	<2	0.26
2013	4분기	GB-GYS-E1-0001	산업단지	경산진량	경북 경산시 진량읍 신상리 685-21	20	1	20.3	6.7	531	2.4	120	17	33.7	4.7	58.4	17.5	39.5	55.6	185	불검출	8.5	1.9	불검출	불검출	-	불검출	-	불검출	불검출	-	-	-	불검출	불검출	불검출	불검출	49	348
2013	4분기	GB-GYS-E1-0002	산업단지	경산진량	경북 경산시 진량읍 신상리 685-21	50	2	48.36	7.1	685	1.2	168	16.9	32.1	1.8	69.8	32.3	37.4	43.8	301	불검출	3.4	0.8	불검출	불검출	-	불검출	-	불검출	불검출	-	-	-	불검출	불검출	불검출	불검출	2	75.1
2013	4분기	GJ-BKK-E1-0001	산업단지	광주월출	광주시 북구 월출동 971-35	60	3	기존공	7.9	249	2.8	81	16.4	31	0.2	21	0.6	12	6.7	106	불검출	1.1	0.2	불검출	불검출	-	불검출	-	불검출	불검출	-	-	-	불검출	불검출	불검출	불검출	<2	0.74
2013	4분기	DE-DSG-E1-0001	관입화성암(화강암)	대구논공	충청남도 당진시 정미면 천의리 276-1	10	1	2.17	6.6	244	0.1	-108	17.1	9.6	0.9	10.8	9.4	9.9	불검출	102	불검출	1.1	0.2	불검출	0.03	-	불검출	-	불검출	불검출	-	-	-	불검출	불검출	불검출	불검출	-	119
2013	4분기	DE-DSG-E1-0002	관입화성암(화강암)	대구논공	충청남도 당진시 정미면 천의리 276-1	29	2	2.24	7	519	2	156	16.8	19	2.6	55.6	26	50.7	36.1	145	불검출	45.3	10.2	불검출	불검출	-	불검출	-	불검출	불검출	-	-	-	불검출	불검출	불검출	불검출	-	0.12
2013	4분기	DE-DSO-E1-0001	산업단지	대구대천	대구시 달서구 대천동 695	14	1	3.91	7.1	971	0.7	50	20.9	133	11	95.4	19	57.6	235.3	297	불검출	불검출	불검출	불검출	불검출	-	불검출	-	불검출	불검출	-	-	-	불검출	불검출	불검출	불검출	5	0.14
2013	4분기	DE-DSO-E1-0002	산업단지	대구대천	대구시 달서구 대천동 695	32	2	5.9	6.9	829	0.1	-31	19.5	74.4	2.7	91.3	25.5	74	145.3	251	불검출	불검출	불검출	불검출	불검출	-	불검출	-	불검출	불검출	-	-	-	불검출	불검출	불검출	불검출	<2	0.35
2013	4분기	DE-SOG-E1-0001	산업단지	대구비산	대구시 서구 비산동 3064	12	1	6.69	10.8	6990	0.4	-281	20.1	1962	11.7	12.6	0.6	불검출	35.4	2962	1045	불검출	불검출	불검출	2.905	-	0.0074	불검출	0.02	0.03	-	-	-	불검출	불검출	불검출	불검출	-	2.46
2013	4분기	DE-SOG-E1-0002	산업단지	대구비산	대구시 서구 비산동 3064	30	2	8.73	6.3	1133	0.2	101	20.5	40.1	3.6	154.6	52.9	107.2	26.5	551	불검출	불검출	불검출	불검출	0.005	-	불검출	불검출	불검출	불검출	-	-	-	불검출	불검출	불검출	불검출	-	0.15
2013	4분기	GN-MRY-E1-0004	하수처리시설	밀양기산	경남 밀양시 상남면 기산리 34-2번지	100	3	기존공	6	365	0	75	17.6	31	2.4	21.7	7.9	34.3	63.6	45	불검출	1	0.2	불검출	불검출	불검출	불검출	불검출	불검출	불검출	불검출	불검출	불검출	불검출	불검출	불검출	불검출	230	55.8
2013	4분기	GN-SAC-E1-0001	산업단지	사천사남	경남 사천시 사남면 방지리 200	8	1	5.62	6.8	923	2.5	106	16.5	110.5	13.8	42.6	61.8	28.5	138.7	459	불검출	불검출	불검출	불검출	불검출	-	불검출	-	불검출	불검출	-	-	-	불검출	불검출	불검출	불검출	<2	0.14
2013	4분기	GN-SAC-E1-0002	산업단지	사천사남	경남 사천시 사남면 방지리 200	32	2	5.61	7.5	1136	0.1	-168	17.6	191.8	11.9	27.4	25.6	124.7	115.3	313	불검출	불검출	불검출	불검출	0.009	-	불검출	-	불검출	불검출	-	-	-	불검출	불검출	불검출	불검출	<2	0.65
2013	4분기	GN-YAS-E1-0001	산업단지	양산교동	경남 양산시 교동 90	7.5	1	1.47	6.5	371	1.1	305	17	34.2	2.7	17.9	9.2	31.4	45.4	75	불검출	10.9	2.5	불검출	불검출	-	불검출	-	불검출	불검출	-	-	-	불검출	불검출	불검출	불검출	130	0.93
2013	4분기	GN-YAS-E1-0002	산업단지	양산교동	경남 양산시 교동 90	36	2	1.44	7	345	0.3	295	16.4	27.2	3	21.6	9.2	24	48.3	74	불검출	10.4	2.4	불검출	불검출	-	불검출	-	불검출	불검출	-	-	-	불검출	불검출	불검출	불검출	5	0.93
2013	4분기	GN-YAS-E1-0003	산업단지	양산북정	경남 양산시 북정동 383	10	1	4.5	6.3	522	1.4	183	18.4	28.5	11.4	55.4	9.8	21.4	35.6	215	불검출	불검출	불검출	불검출	불검출	-	불검출	-	불검출	불검출	-	-	-	불검출	불검출	불검출	불검출	<2	0.91
2013	4분기	GN-YAS-E1-0004	산업단지	양산북정	경남 양산시 북정동 383	30	2	4.41	7.2	532	0.1	152	17.2	87.9	3.2	24.5	6.7	42.8	15.7	217	불검출	불검출	불검출	불검출	0.01	-	-	-	불검출	불검출	-	-	-	불검출	불검출	불검출	불검출	<2	0.91
2013	4분기	GB-YJU-E1-0004	산업단지	영주대촌	경북 영주시 봉현면 대촌리 170번지	80	3	기존공	6.1	232	2	185	9.1	15.9	1.6	18.8	4	11.4	10.6	63	불검출	31.6	7.2	불검출	불검출	불검출	불검출	불검출	불검출	불검출	불검출	불검출	불검출	불검출	불검출	불검출	불검출	<2	5.08
2013	4분기	US-DGU-E1-0001	산업단지	울산방어	울산시 동구 방어동 1053	10	1	4.67	6.1	630	0.7	326	17.6	62.4	2.3	32.8	20.6	32.7	88.9	165	불검출	23.4	5.3	불검출	불검출	-	불검출	-	불검출	불검출	-	-	-	불검출	불검출	불검출	불검출	<2	0.15
2013	4분기	US-DGU-E1-0002	산업단지	울산방어	울산시 동구 방어동 1053	30	2	5.84	6.3	724	0.1	270	17	60.2	3.1	54.6	24.4	36.2	99.6	200	불검출	27.2	6.2	불검출	불검출	-	불검출	-	불검출	불검출	-	-	-	불검출	불검출	불검출	불검출	<2	0.05
2013	4분기	US-NMU-E1-0001	산업단지	울산선암	울산시 남구 선암동 180	10	1	6.11	5.8	367	1.2	228	15.8	36.2	0.8	22.2	9.4	41.7	19.2	92	불검출	5.2	1.2	불검출	불검출	-	불검출	-	불검출	불검출	-	-	-	불검출	불검출	불검출	불검출	2	0.58
2013	4분기	US-NMU-E1-0002	산업단지	울산선암	울산시 남구 선암동 180	30	2	6.55	7.2	599	0.1	210	15.5	21.5	1.1	54	30.6	41.8	4.5	266	불검출	1.1	0.2	불검출	불검출	-	불검출	-	불검출	불검출	-	-	-	불검출	불검출	불검출	불검출	<2	0.45
2013	4분기	US-UJU-E1-0001	산업단지	울산청량	울산시 울주군 청량면 상남리 595-7	10	1	0.5	7.5	578	0.3	148	15.6	38.2	4.9	41.6	23.6	76.4	22.9	164	불검출	1.1	0.2	불검출	0.01	-	불검출	-	불검출	불검출	-	-	-	불검출	불검출	불검출	불검출	<2	0.94
2013	4분기	US-UJU-E1-0002	산업단지	울산청량	울산시 울주군 청량면 상남리 595-7	30	2	자분정	7.7	593	0.1	131	15.4	46.6	2.4	45.2	18.7	73.3	13.5	186	불검출	불검출	불검출	불검출	0.02	-	불검출	-	불검출	불검출	-	-	-	불검출	불검출	불검출	불검출	<2	0.91
2013	4분기	US-BKU-E1-0001	산업단지	울산효문	울산시 북구 효문동 767	10	1	3.73	6	402	3.4	303	15.7	45.2	5.2	8.9	6.7	33.6	63.2	55	불검출	16.4	3.7	불검출	불검출	-	불검출	-	불검출	불검출	-	-	-	불검출	불검출	불검출	불검출	<2	0.91
2013	4분기	US-BKU-E1-0002	산업단지	울산효문	울산시 북구 효문동 767	25	2	5.36	5.8	625	1.9	300	15.5	52.8	6.2	21.4	20.2	88.6	82.5	46	불검출	37.2	8.4	불검출	불검출	-	불검출	-	불검출	불검출	-	-	-	불검출	불검출	불검출	불검출	<2	0.1
2013	4분기	CB-UMS-E1-0001	산업단지	음성대풍	충북 음성군 대소면 대풍리 38-2	80	3	4.76	6.6	268	6	320	14.6	15.6	1.2	20.3	7.4	11.7	9.1	87	불검출	16.5	3.7	불검출	불검출	-	불검출	-	불검출	불검출	-	-	-	불검출	불검출	불검출	불검출	-	0.13
2013	4분기	GN-URG-E1-0004	하수처리시설	의령무전	경남 의령군 의령읍 무전리 78번지	160	3	기존공	6.7	627	1.6	31	14.8	28.8	0.9	108.3	14.7	22.6	128.1	241	불검출	4.4	1	불검출	불검출	불검출	불검출	불검출	불검출	0.02	불검출	불검출	불검출	불검출	불검출	불검출	불검출	<2	0.94
2013	4분기	GW-JSN-E1-0013	폐광산	정선남면	강원도 정선군 남면 낙동리 336-9	7.5	1	4.89	7.7	408	6.4	104	13.9	6.8	2	69.2	8.9	12.7	97.8	124	불검출	7.8	1.8	불검출	불검출	불검출	불검출	불검출	불검출	불검출	불검출	불검출	불검출	불검출	불검출	불검출	불검출	<2	0.06
2013	4분기	GW-JSN-E1-0014	폐광산	정선남면	강원도 정선군 남면 낙동리 336-9	27	2	4.86	7.8	422	6.9	86	12.2	5.9	2.1	61.7	7.3	11.6	72.8	102	불검출	9.2	2.1	불검출	0.005	불검출	불검출	불검출	불검출	불검출	불검출	불검출	불검출	불검출	불검출	불검출	불검출	<2	0.05
2013	4분기	GW-JSN-E1-0009	폐광산	정선봉산	강원도 정선군 임계면 봉산리 241-18	10	1	4.88	6.8	393	2.2	183	14.1	11.2	4.5	62.5	6.7	12.2	22.8	170	불검출	24.4	5.5	불검출	불검출	불검출	불검출	불검출	불검출	불검출	불검출	불검출	불검출	불검출	불검출	불검출	불검출	<2	0.11
2013	4분기	GW-JSN-E1-0010	폐광산	정선봉산	강원도 정선군 임계면 봉산리 241-18	30	2	4.92	7.4	403	2.1	96	13.3	34.6	3	50.8	6.8	18.3	29.1	175	불검출	21.2	4.8	불검출	불검출	불검출	불검출	불검출	불검출	불검출	불검출	불검출	불검출	불검출	불검출	불검출	불검출	<2	0.75
2013	4분기	GW-JSN-E1-0011	폐광산	정선용산	강원도 정선군 임계면 용산2리 536	10	1	4.32	7.3	355	7.8	123	11.5	5.1	2.1	56.8	6.8	11.2	21.4	122	불검출	43.3	9.8	불검출	불검출	불검출	불검출	불검출	불검출	불검출	불검출	불검출	불검출	불검출	불검출	불검출	불검출	<2	0.13
2013	4분기	GW-JSN-E1-0012	폐광산	정선용산	강원도 정선군 임계면 용산2리 536	30	2	4.39	8.3	376	2.6	76	11.5	36.1	11.2	33	6.5	11.7	24.2	147	불검출	29.2	6.6	불검출	불검출	불검출	불검출	불검출	불검출	불검출	불검출	불검출	불검출	불검출	불검출	불검출	불검출	<2	0.91
2013	4분기	GW-JSN-E1-0007	폐광산	정선임계	강원도 정선군 임계면 송계리 773-1	10	1	4.1	6.1	278	4.6	94	14.4	10.9	3.2	39.2	5.9	17.1	15	90	불검출	30.3	6.8	불검출	불검출	불검출	불검출	불검출	불검출	불검출	불검출	불검출	불검출	불검출	불검출	불검출	불검출	<2	0.12
2013	4분기	GW-JSN-E1-0008	폐광산	정선임계	강원도 정선군 임계면 송계리 773-1	34	2	4.12	8	1022	0.7	30	12.8	109.8	6.9	13.6	7.4	65.9	12.2	237	불검출	2.6	0.6	불검출	불검출	불검출	불검출	불검출	불검출	불검출	불검출	불검출	불검출	불검출	불검출	불검출	불검출	<2	0.94
2013	4분기	CB-GPN-E1-0001	산업단지	증평미암	충북 증평군 증평읍 미암리 603	100	3	2.64	7	255	5.5	272	14.8	18.9	1.2	15.2	5.5	13.9	12.7	63	불검출	20.7	4.7	불검출	불검출	-	불검출	-	불검출	불검출	-	-	-	불검출	불검출	불검출	불검출	<2	0.08
2013	4분기	GN-HIN-E1-0004	산업단지	진주상평	경남 진주시 상평동 268-2	10	1	5.85	6.3	364	2.3	254	16.6	32.1	3.8	40.3	4.7	33.9	25.9	73	불검출	51.2	11.6	불검출	불검출	-	불검출	-	불검출	불검출	-	-	-	불검출	불검출	불검출	불검출	<2	20.5
2013	4분기	GN-HIN-E1-0005	산업단지	진주상평	경남 진주시 상평동 268-2	29	2	6.06	6.2	295	0.7	156	17.5	23.2	1.3	21.1	8.2	29.7	15	54	불검출	35.9	8.1	불검출	불검출	-	불검출	-	불검출	불검출	-	-	-	불검출	불검출	불검출	불검출	<2	0.18
2013	4분기	GN-HIN-E1-0014	하수처리시설	진주소문	경남 진주시 문산읍 소문리 786-1번지	111	3	기존공	7	476	0.1	-49	11.2	50	1	57.8	6.2	24.7	64.3	190	불검출	불검출	불검출	불검출	불검출	불검출	불검출	불검출	불검출	불검출	불검출	불검출	불검출	불검출	불검출	불검출	불검출	5	0.37
2013	4분기	GN-HIN-E1-0006	폐광산	진주지수	경남 진주시 지수면 청원리 411-2	15	1	10.92	6.3	588	3	200	15.1	29	1.8	65.2	22.1	79.8	36.1	147	불검출	37.7	8.5	불검출	불검출	-	-	-	불검출	불검출	-	-	-	-	-	-	-	<2	0.17
2013	4분기	GN-HIN-E1-0007	폐광산	진주지수	경남 진주시 지수면 청원리 411-2	29	2	10.33	6.5	575	2.8	168	15	26.3	1.7	65.2	21.8	69.6	35.4	163	불검출	34.8	7.8	불검출	불검출	-	-	-	불검출	불검출	-	-	-	-	-	-	-	<2	0.08
2013	4분기	CB-JIC-E1-0007	산업단지	진천광혜원	충북 진천군 광혜원면 광혜원리	140	3	3.64	6.2	543	0.4	210	13.5	27.6	1.5	49.3	14.8	75	12.1	132	불검출	3.1	0.7	불검출	불검출	-	불검출	-	불검출	불검출	-	-	-	불검출	0.005	0.001	불검출	2	76.4
2013	4분기	GN-CWN-E1-0001	광산	창원월계	경남 창원시 의창구 북면 월계리103-1번지	120	3	기존공	7.3	532	0.5	313	17	33.7	0.5	70.1	4.2	41.2	57.1	138	불검출	13.5	3.1	불검출	불검출	불검출	불검출	불검출	불검출	불검출	불검출	불검출	불검출	불검출	불검출	불검출	불검출	<2	0.65
2013	4분기	GN-CWN-E1-0002	광산	창원화양	경남 창원시 의창구 동읍 화양리 41번지	155	3	기존공	7.7	239	2.5	295	16.7	27.6	0.2	19.7	0.6	7.7	35	67	불검출	1	0.2	불검출	0.009	불검출	불검출	불검출	불검출	불검출	불검출	불검출	불검출	불검출	불검출	불검출	불검출	<2	0.38
2013	4분기	CB-CHW-E1-0007	산업단지	청원양청	충북 청원군 오창읍 양청리 811	120	3	기존공	6.8	235	2.7	93	15.5	20.8	12.8	13.4	1.8	15.3	5.3	79	불검출	2.7	0.6	불검출	불검출	-	불검출	-	불검출	불검출	-	-	-	불검출	불검출	불검출	불검출	<2	9.64
2013	4분기	GW-PCG-E1-0010	기타(축산/농업지역)	평창대관령	강원도 평창군 대관령면 횡계1리 335-1	10	1	7.74	7.8	436	6.8	68	11.3	27.2	1.8	50.7	5.4	32.7	11.4	13	불검출	156.8	35.4	불검출	불검출	불검출	불검출	불검출	불검출	불검출	불검출	불검출	불검출	불검출	불검출	불검출	불검출	<2	10.7
2013	4분기	GW-PCG-E1-0011	기타(축산/농업지역)	평창대관령	강원도 평창군 대관령면 횡계1리 335-1	27	2	7.82	7.2	267	5	-14	10.2	18.8	1.2	21.1	5.5	19.7	3.8	31	불검출	67.3	15.2	불검출	불검출	불검출	불검출	불검출	불검출	불검출	불검출	불검출	불검출	불검출	불검출	불검출	불검출	<2	0.91
2013	4분기	GW-PCG-E1-0012	기타(축산/농업지역)	평창대관령	강원도 평창군 대관령면 횡계1리 335-1	100	3	기존공	7.9	322	3.7	61	8.1	20	1.3	31.3	5.2	16.2	7	71	불검출	52.5	11.9	불검출	불검출	불검출	불검출	불검출	불검출	불검출	불검출	불검출	불검출	불검출	불검출	불검출	불검출	<2	8.95
2013	4분기	GW-PCG-E1-0007	기타(축산/농업지역)	평창횡계	강원도 평창군 대관령면 횡계리 198-2	10	1	5.52	6.6	245	7.6	79	9.3	15.6	1.1	17.6	2.7	26.7	4.2	38	불검출	12.7	2.9	불검출	불검출	불검출	불검출	불검출	불검출	불검출	불검출	불검출	불검출	불검출	불검출	불검출	불검출	<2	0.92
2013	4분기	GW-PCG-E1-0008	기타(축산/농업지역)	평창횡계	강원도 평창군 대관령면 횡계리 198-2	25	2	5.52	6.2	1074	4.4	82	9.8	29.3	1.6	102.2	20.7	197.1	3.3	77	불검출	32.4	7.3	불검출	불검출	불검출	불검출	불검출	불검출	불검출	불검출	불검출	불검출	불검출	불검출	불검출	불검출	<2	0.27
2013	4분기	GW-PCG-E1-0009	기타(축산/농업지역)	평창횡계	강원도 평창군 대관령면 횡계리 198-2	100	3	기존공	7	635	6.5	85	9.5	24.8	1.4	50	12.6	87.4	불검출	68	불검출	53.8	12.2	불검출	불검출	불검출	불검출	불검출	불검출	불검출	불검출	불검출	불검출	불검출	불검출	불검출	불검출	<2	0.06
2013	4분기	GG-PTK-E1-0007	산업단지	평택노와	경기도 평택시 팽성읍 노와리 155-1	80	3	기존공	6.8	374	7.8	289	14.4	23	1.4	24.9	8.4	41.3	9.3	50	불검출	45.8	10.4	불검출	불검출	-	불검출	-	불검출	불검출	-	-	-	불검출	불검출	불검출	불검출	-	0.09
2013	4분기	GB-KPO-E1-0008	산업단지	포항연일	경북 포항시 남구 연일읍 동문리 47-1	10	1	1.61	7.7	1190	2.2	-8	9.5	124.1	53.8	79.6	33.3	164.8	165.4	261	불검출	불검출	불검출	불검출	0.015	-	불검출	-	불검출	불검출	-	-	-	불검출	불검출	불검출	불검출	-	0.93
2013	4분기	GB-KPO-E1-0009	산업단지	포항연일	경북 포항시 남구 연일읍 동문리 47-1	30	2	4.24	7.6	2680	0	-217	14.9	549.2	46	50.1	52.7	681.7	3	600	불검출	불검출	불검출	불검출	불검출	-	불검출	-	0.02	불검출	-	-	-	불검출	불검출	불검출	불검출	-	0.91
2013	4분기	GB-KPO-E1-0004	산업단지	포항인덕	경북 포항시 남구 인덕동 161-1	10	1	5.42	5.9	833	2.3	145	15.6	53	12.4	99.5	30.8	27.9	345.4	69	불검출	16.1	3.6	불검출	불검출	-	불검출	-	불검출	불검출	-	-	-	불검출	불검출	불검출	불검출	-	0.09
2013	4분기	GB-KPO-E1-0005	산업단지	포항인덕	경북 포항시 남구 인덕동 161-1	33	2	11.18	5.6	285	0.1	32	16.7	39.2	3.6	4.8	5.4	27.2	72.5	27	불검출	불검출	불검출	불검출	불검출	-	불검출	-	불검출	불검출	-	-	-	불검출	불검출	불검출	불검출	-	0.19
2013	4분기	GB-KPO-E1-0006	산업단지	포항청림	경북 포항시 남구 청림동 914-2	10	1	5.93	6.4	480	2.4	99	16	43.3	8.6	29.3	13.4	43.9	66.9	90	불검출	11.5	2.6	불검출	불검출	-	불검출	-	불검출	불검출	-	-	-	불검출	불검출	불검출	불검출	-	0.27
2013	4분기	GB-KPO-E1-0007	산업단지	포항청림	경북 포항시 남구 청림동 914-2	30	2	5.95	7.8	1410	0.1	-201	16.9	278.6	8.5	8.6	4.3	269.6	3.8	326	불검출	불검출	불검출	불검출	불검출	-	불검출	-	불검출	불검출	-	-	-	불검출	불검출	불검출	불검출	-	0.19
2013	4분기	GB-KPO-E1-0010	산업단지	포항호동	경북 포항시 남구 호동 628	10	1	6.26	6.3	2290	1.8	-10	17	98.6	14.5	414.8	113	18	1468.6	345	불검출	불검출	불검출	불검출	불검출	-	불검출	-	불검출	불검출	-	-	-	불검출	불검출	불검출	불검출	<2	77.8
2013	4분기	GB-KPO-E1-0011	산업단지	포항호동	경북 포항시 남구 호동 628	30	2	6.65	6.7	2830	0.1	-103	16.9	627.6	10	78.4	27.6	31.9	945.2	647	불검출	불검출	불검출	불검출	불검출	-	불검출	-	불검출	불검출	-	-	-	불검출	불검출	불검출	불검출	<2	36.8
